IndicatorType,IndicatorValue,ExpirationTime,Action,Severity,Title,Description,RecommendedActions,RbacGroups,Category,MitreTechniques,GenerateAlert
DomainName,01cc.centrastage.net,2035-07-23T00:00:00Z,Block,Medium,LOLRMM - Datto RMM / Autotask,Network domain associated with Datto RMM / Autotask - listed by LOLRMM (Living Off the Land RMM) as a remote management or access tool.,Block connections to this domain and investigate any related activity.,,,,true
DomainName,01com.com,2035-07-23T00:00:00Z,Block,Medium,LOLRMM - I'm InTouch,Network domain associated with I'm InTouch - listed by LOLRMM (Living Off the Land RMM) as a remote management or access tool.,Block connections to this domain and investigate any related activity.,,,,true
DomainName,01concordcc.centrastage.net,2035-07-23T00:00:00Z,Block,Medium,LOLRMM - Datto RMM / Autotask,Network domain associated with Datto RMM / Autotask - listed by LOLRMM (Living Off the Land RMM) as a remote management or access tool.,Block connections to this domain and investigate any related activity.,,,,true
DomainName,01concordws.centrastage.net,2035-07-23T00:00:00Z,Block,Medium,LOLRMM - Datto RMM / Autotask,Network domain associated with Datto RMM / Autotask - listed by LOLRMM (Living Off the Land RMM) as a remote management or access tool.,Block connections to this domain and investigate any related activity.,,,,true
DomainName,01syrahcc.centrastage.net,2035-07-23T00:00:00Z,Block,Medium,LOLRMM - Datto RMM / Autotask,Network domain associated with Datto RMM / Autotask - listed by LOLRMM (Living Off the Land RMM) as a remote management or access tool.,Block connections to this domain and investigate any related activity.,,,,true
DomainName,01vidalcc.centrastage.net,2035-07-23T00:00:00Z,Block,Medium,LOLRMM - Datto RMM / Autotask,Network domain associated with Datto RMM / Autotask - listed by LOLRMM (Living Off the Land RMM) as a remote management or access tool.,Block connections to this domain and investigate any related activity.,,,,true
DomainName,01vidalws.centrastage.net,2035-07-23T00:00:00Z,Block,Medium,LOLRMM - Datto RMM / Autotask,Network domain associated with Datto RMM / Autotask - listed by LOLRMM (Living Off the Land RMM) as a remote management or access tool.,Block connections to this domain and investigate any related activity.,,,,true
DomainName,01ws.centrastage.net,2035-07-23T00:00:00Z,Block,Medium,LOLRMM - Datto RMM / Autotask,Network domain associated with Datto RMM / Autotask - listed by LOLRMM (Living Off the Land RMM) as a remote management or access tool.,Block connections to this domain and investigate any related activity.,,,,true
DomainName,02cc.centrastage.net,2035-07-23T00:00:00Z,Block,Medium,LOLRMM - Datto RMM / Autotask,Network domain associated with Datto RMM / Autotask - listed by LOLRMM (Living Off the Land RMM) as a remote management or access tool.,Block connections to this domain and investigate any related activity.,,,,true
DomainName,02ws.centrastage.net,2035-07-23T00:00:00Z,Block,Medium,LOLRMM - Datto RMM / Autotask,Network domain associated with Datto RMM / Autotask - listed by LOLRMM (Living Off the Land RMM) as a remote management or access tool.,Block connections to this domain and investigate any related activity.,,,,true
DomainName,03cc.centrastage.net,2035-07-23T00:00:00Z,Block,Medium,LOLRMM - Datto RMM / Autotask,Network domain associated with Datto RMM / Autotask - listed by LOLRMM (Living Off the Land RMM) as a remote management or access tool.,Block connections to this domain and investigate any related activity.,,,,true
DomainName,03ws.centrastage.net,2035-07-23T00:00:00Z,Block,Medium,LOLRMM - Datto RMM / Autotask,Network domain associated with Datto RMM / Autotask - listed by LOLRMM (Living Off the Land RMM) as a remote management or access tool.,Block connections to this domain and investigate any related activity.,,,,true
DomainName,247ithelp.com,2035-07-23T00:00:00Z,Block,Medium,LOLRMM - ConnectWise Control / ScreenConnect,Network domain associated with ConnectWise Control / ScreenConnect - listed by LOLRMM (Living Off the Land RMM) as a remote management or access tool.,Block connections to this domain and investigate any related activity.,,,,true
DomainName,a1-backend-packages.s3.amazonaws.com,2035-07-23T00:00:00Z,Block,Medium,LOLRMM - Action1,Network domain associated with Action1 - listed by LOLRMM (Living Off the Land RMM) as a remote management or access tool.,Block connections to this domain and investigate any related activity.,,,,true
DomainName,a33d8yamkwy4nx-ats.iot.ap-southeast-2.amazonaws.com,2035-07-23T00:00:00Z,Block,Medium,LOLRMM - N-able / SolarWinds,Network domain associated with N-able / SolarWinds - listed by LOLRMM (Living Off the Land RMM) as a remote management or access tool.,Block connections to this domain and investigate any related activity.,,,,true
DomainName,a33d8yamkwy4nx-ats.iot.eu-central-1.amazonaws.com,2035-07-23T00:00:00Z,Block,Medium,LOLRMM - N-able / SolarWinds,Network domain associated with N-able / SolarWinds - listed by LOLRMM (Living Off the Land RMM) as a remote management or access tool.,Block connections to this domain and investigate any related activity.,,,,true
DomainName,a33d8yamkwy4nx-ats.iot.eu-west-1.amazonaws.com,2035-07-23T00:00:00Z,Block,Medium,LOLRMM - N-able / SolarWinds,Network domain associated with N-able / SolarWinds - listed by LOLRMM (Living Off the Land RMM) as a remote management or access tool.,Block connections to this domain and investigate any related activity.,,,,true
DomainName,a33d8yamkwy4nx-ats.iot.us-west-2.amazonaws.com,2035-07-23T00:00:00Z,Block,Medium,LOLRMM - N-able / SolarWinds,Network domain associated with N-able / SolarWinds - listed by LOLRMM (Living Off the Land RMM) as a remote management or access tool.,Block connections to this domain and investigate any related activity.,,,,true
DomainName,account.flexihub.com,2035-07-23T00:00:00Z,Block,Medium,LOLRMM - HelpWire,Network domain associated with HelpWire - listed by LOLRMM (Living Off the Land RMM) as a remote management or access tool.,Block connections to this domain and investigate any related activity.,,,,true
DomainName,action1.com,2035-07-23T00:00:00Z,Block,Medium,LOLRMM - Action1,Network domain associated with Action1 - listed by LOLRMM (Living Off the Land RMM) as a remote management or access tool.,Block connections to this domain and investigate any related activity.,,,,true
DomainName,adobeconnect.com,2035-07-23T00:00:00Z,Block,Medium,LOLRMM - Adobe Connect,Network domain associated with Adobe Connect - listed by LOLRMM (Living Off the Land RMM) as a remote management or access tool.,Block connections to this domain and investigate any related activity.,,,,true
DomainName,aeroadmin.com,2035-07-23T00:00:00Z,Block,Medium,LOLRMM - AeroAdmin,Network domain associated with AeroAdmin - listed by LOLRMM (Living Off the Land RMM) as a remote management or access tool.,Block connections to this domain and investigate any related activity.,,,,true
DomainName,agent-api.atera.com,2035-07-23T00:00:00Z,Block,Medium,LOLRMM - Atera,Network domain associated with Atera - listed by LOLRMM (Living Off the Land RMM) as a remote management or access tool.,Block connections to this domain and investigate any related activity.,,,,true
DomainName,agent-gateway.concord.rmm.datto.com,2035-07-23T00:00:00Z,Block,Medium,LOLRMM - Datto RMM / Autotask,Network domain associated with Datto RMM / Autotask - listed by LOLRMM (Living Off the Land RMM) as a remote management or access tool.,Block connections to this domain and investigate any related activity.,,,,true
DomainName,agent-gateway.merlot.rmm.datto.com,2035-07-23T00:00:00Z,Block,Medium,LOLRMM - Datto RMM / Autotask,Network domain associated with Datto RMM / Autotask - listed by LOLRMM (Living Off the Land RMM) as a remote management or access tool.,Block connections to this domain and investigate any related activity.,,,,true
DomainName,agent-gateway.pinotage.rmm.datto.com,2035-07-23T00:00:00Z,Block,Medium,LOLRMM - Datto RMM / Autotask,Network domain associated with Datto RMM / Autotask - listed by LOLRMM (Living Off the Land RMM) as a remote management or access tool.,Block connections to this domain and investigate any related activity.,,,,true
DomainName,agent-gateway.syrah.rmm.datto.com,2035-07-23T00:00:00Z,Block,Medium,LOLRMM - Datto RMM / Autotask,Network domain associated with Datto RMM / Autotask - listed by LOLRMM (Living Off the Land RMM) as a remote management or access tool.,Block connections to this domain and investigate any related activity.,,,,true
DomainName,agent-gateway.vidal.rmm.datto.com,2035-07-23T00:00:00Z,Block,Medium,LOLRMM - Datto RMM / Autotask,Network domain associated with Datto RMM / Autotask - listed by LOLRMM (Living Off the Land RMM) as a remote management or access tool.,Block connections to this domain and investigate any related activity.,,,,true
DomainName,agent-gateway.zinfandel.rmm.datto.com,2035-07-23T00:00:00Z,Block,Medium,LOLRMM - Datto RMM / Autotask,Network domain associated with Datto RMM / Autotask - listed by LOLRMM (Living Off the Land RMM) as a remote management or access tool.,Block connections to this domain and investigate any related activity.,,,,true
DomainName,agent.tiflux.com,2035-07-23T00:00:00Z,Block,Medium,LOLRMM - TiFlux,Network domain associated with TiFlux - listed by LOLRMM (Living Off the Land RMM) as a remote management or access tool.,Block connections to this domain and investigate any related activity.,,,,true
DomainName,agenthb.atera.com,2035-07-23T00:00:00Z,Block,Medium,LOLRMM - Atera,Network domain associated with Atera - listed by LOLRMM (Living Off the Land RMM) as a remote management or access tool.,Block connections to this domain and investigate any related activity.,,,,true
DomainName,agentmqtt.fleetdeck.io,2035-07-23T00:00:00Z,Block,Medium,LOLRMM - FleetDeck,Network domain associated with FleetDeck - listed by LOLRMM (Living Off the Land RMM) as a remote management or access tool.,Block connections to this domain and investigate any related activity.,,,,true
DomainName,agentreporting.atera.com,2035-07-23T00:00:00Z,Block,Medium,LOLRMM - Atera,Network domain associated with Atera - listed by LOLRMM (Living Off the Land RMM) as a remote management or access tool.,Block connections to this domain and investigate any related activity.,,,,true
DomainName,agentreportingstore.blob.core.windows.net,2035-07-23T00:00:00Z,Block,Medium,LOLRMM - Atera,Network domain associated with Atera - listed by LOLRMM (Living Off the Land RMM) as a remote management or access tool.,Block connections to this domain and investigate any related activity.,,,,true
DomainName,agents.level.io,2035-07-23T00:00:00Z,Block,Medium,LOLRMM - Level,Network domain associated with Level - listed by LOLRMM (Living Off the Land RMM) as a remote management or access tool.,Block connections to this domain and investigate any related activity.,,,,true
DomainName,alpemix.com,2035-07-23T00:00:00Z,Block,Medium,LOLRMM - Alpemix,Network domain associated with Alpemix - listed by LOLRMM (Living Off the Land RMM) as a remote management or access tool.,Block connections to this domain and investigate any related activity.,,,,true
DomainName,ammyy.com,2035-07-23T00:00:00Z,Block,Medium,LOLRMM - Ammyy Admin,Network domain associated with Ammyy Admin - listed by LOLRMM (Living Off the Land RMM) as a remote management or access tool.,Block connections to this domain and investigate any related activity.,,,,true
DomainName,analytics.insight.rapid7.com,2035-07-23T00:00:00Z,Block,Medium,LOLRMM - Rapid7 Insight,Network domain associated with Rapid7 Insight - listed by LOLRMM (Living Off the Land RMM) as a remote management or access tool.,Block connections to this domain and investigate any related activity.,,,,true
DomainName,anyplace-control.com,2035-07-23T00:00:00Z,Block,Medium,LOLRMM - Anyplace Control,Network domain associated with Anyplace Control - listed by LOLRMM (Living Off the Land RMM) as a remote management or access tool.,Block connections to this domain and investigate any related activity.,,,,true
DomainName,anysupport.net,2035-07-23T00:00:00Z,Block,Medium,LOLRMM - Any Support,Network domain associated with Any Support - listed by LOLRMM (Living Off the Land RMM) as a remote management or access tool.,Block connections to this domain and investigate any related activity.,,,,true
DomainName,anyviewer.com,2035-07-23T00:00:00Z,Block,Medium,LOLRMM - AnyViewer,Network domain associated with AnyViewer - listed by LOLRMM (Living Off the Land RMM) as a remote management or access tool.,Block connections to this domain and investigate any related activity.,,,,true
DomainName,api-ca-1.lavawall.com,2035-07-23T00:00:00Z,Block,Medium,LOLRMM - Lavawall,Network domain associated with Lavawall - listed by LOLRMM (Living Off the Land RMM) as a remote management or access tool.,Block connections to this domain and investigate any related activity.,,,,true
DomainName,api.allocentra.co.za,2035-07-23T00:00:00Z,Block,Medium,LOLRMM - AlloCentra,Network domain associated with AlloCentra - listed by LOLRMM (Living Off the Land RMM) as a remote management or access tool.,Block connections to this domain and investigate any related activity.,,,,true
DomainName,api.fdcollab.com,2035-07-23T00:00:00Z,Block,Medium,LOLRMM - Freshservice,Network domain associated with Freshservice - listed by LOLRMM (Living Off the Land RMM) as a remote management or access tool.,Block connections to this domain and investigate any related activity.,,,,true
DomainName,api.helpwire.app,2035-07-23T00:00:00Z,Block,Medium,LOLRMM - HelpWire,Network domain associated with HelpWire - listed by LOLRMM (Living Off the Land RMM) as a remote management or access tool.,Block connections to this domain and investigate any related activity.,,,,true
DomainName,api.hoptodesk.com,2035-07-23T00:00:00Z,Block,Medium,LOLRMM - HopToDesk,Network domain associated with HopToDesk - listed by LOLRMM (Living Off the Land RMM) as a remote management or access tool.,Block connections to this domain and investigate any related activity.,,,,true
DomainName,api.jumpcloud.com,2035-07-23T00:00:00Z,Block,Medium,LOLRMM - JumpCloud,Network domain associated with JumpCloud - listed by LOLRMM (Living Off the Land RMM) as a remote management or access tool.,Block connections to this domain and investigate any related activity.,,,,true
DomainName,api.monitic.com,2035-07-23T00:00:00Z,Block,Medium,LOLRMM - Monitic,Network domain associated with Monitic - listed by LOLRMM (Living Off the Land RMM) as a remote management or access tool.,Block connections to this domain and investigate any related activity.,,,,true
DomainName,api.mremote.io,2035-07-23T00:00:00Z,Block,Medium,LOLRMM - mRemoteNG,Network domain associated with mRemoteNG - listed by LOLRMM (Living Off the Land RMM) as a remote management or access tool.,Block connections to this domain and investigate any related activity.,,,,true
DomainName,api.remote.it,2035-07-23T00:00:00Z,Block,Medium,LOLRMM - remote.it,Network domain associated with remote.it - listed by LOLRMM (Living Off the Land RMM) as a remote management or access tool.,Block connections to this domain and investigate any related activity.,,,,true
DomainName,api.remsupp.com,2035-07-23T00:00:00Z,Block,Medium,LOLRMM - RemSupp,Network domain associated with RemSupp - listed by LOLRMM (Living Off the Land RMM) as a remote management or access tool.,Block connections to this domain and investigate any related activity.,,,,true
DomainName,api.rg-supervision.com,2035-07-23T00:00:00Z,Block,Medium,LOLRMM - RG Supervision,Network domain associated with RG Supervision - listed by LOLRMM (Living Off the Land RMM) as a remote management or access tool.,Block connections to this domain and investigate any related activity.,,,,true
DomainName,api.rmmmax.com,2035-07-23T00:00:00Z,Block,Medium,LOLRMM - RMMmax,Network domain associated with RMMmax - listed by LOLRMM (Living Off the Land RMM) as a remote management or access tool.,Block connections to this domain and investigate any related activity.,,,,true
DomainName,api.rustdesk.com,2035-07-23T00:00:00Z,Block,Medium,LOLRMM - RustDesk,Network domain associated with RustDesk - listed by LOLRMM (Living Off the Land RMM) as a remote management or access tool.,Block connections to this domain and investigate any related activity.,,,,true
DomainName,api.splashtop.com,2035-07-23T00:00:00Z,Block,Medium,LOLRMM - Splashtop,Network domain associated with Splashtop - listed by LOLRMM (Living Off the Land RMM) as a remote management or access tool.,Block connections to this domain and investigate any related activity.,,,,true
DomainName,api.splashtop.eu,2035-07-23T00:00:00Z,Block,Medium,LOLRMM - Splashtop,Network domain associated with Splashtop - listed by LOLRMM (Living Off the Land RMM) as a remote management or access tool.,Block connections to this domain and investigate any related activity.,,,,true
DomainName,apicdn-wchat.freshchat.com,2035-07-23T00:00:00Z,Block,Medium,LOLRMM - Freshservice,Network domain associated with Freshservice - listed by LOLRMM (Living Off the Land RMM) as a remote management or access tool.,Block connections to this domain and investigate any related activity.,,,,true
DomainName,app-af-agent-prod-009.azurewebsites.net,2035-07-23T00:00:00Z,Block,Medium,LOLRMM - RemoteAgent,Network domain associated with RemoteAgent - listed by LOLRMM (Living Off the Land RMM) as a remote management or access tool.,Block connections to this domain and investigate any related activity.,,,,true
DomainName,app.atera.com,2035-07-23T00:00:00Z,Block,Medium,LOLRMM - Atera,Network domain associated with Atera - listed by LOLRMM (Living Off the Land RMM) as a remote management or access tool.,Block connections to this domain and investigate any related activity.,,,,true
DomainName,app.gorelo.io,2035-07-23T00:00:00Z,Block,Medium,LOLRMM - Gorelo,Network domain associated with Gorelo - listed by LOLRMM (Living Off the Land RMM) as a remote management or access tool.,Block connections to this domain and investigate any related activity.,,,,true
DomainName,app.kabuto.io,2035-07-23T00:00:00Z,Block,Medium,LOLRMM - Syncro,Network domain associated with Syncro - listed by LOLRMM (Living Off the Land RMM) as a remote management or access tool.,Block connections to this domain and investigate any related activity.,,,,true
DomainName,app.lunixar.com,2035-07-23T00:00:00Z,Block,Medium,LOLRMM - Lunixar,Network domain associated with Lunixar - listed by LOLRMM (Living Off the Land RMM) as a remote management or access tool.,Block connections to this domain and investigate any related activity.,,,,true
DomainName,app.monitic.com,2035-07-23T00:00:00Z,Block,Medium,LOLRMM - Monitic,Network domain associated with Monitic - listed by LOLRMM (Living Off the Land RMM) as a remote management or access tool.,Block connections to this domain and investigate any related activity.,,,,true
DomainName,app.pdq.com,2035-07-23T00:00:00Z,Block,Medium,LOLRMM - PDQ Connect / Deploy / Inventory,Network domain associated with PDQ Connect / Deploy / Inventory - listed by LOLRMM (Living Off the Land RMM) as a remote management or access tool.,Block connections to this domain and investigate any related activity.,,,,true
DomainName,app.tiflux.com,2035-07-23T00:00:00Z,Block,Medium,LOLRMM - TiFlux,Network domain associated with TiFlux - listed by LOLRMM (Living Off the Land RMM) as a remote management or access tool.,Block connections to this domain and investigate any related activity.,,,,true
DomainName,app.zecurit.com,2035-07-23T00:00:00Z,Block,Medium,LOLRMM - Zecurit,Network domain associated with Zecurit - listed by LOLRMM (Living Off the Land RMM) as a remote management or access tool.,Block connections to this domain and investigate any related activity.,,,,true
DomainName,appcdn.atera.com,2035-07-23T00:00:00Z,Block,Medium,LOLRMM - Atera,Network domain associated with Atera - listed by LOLRMM (Living Off the Land RMM) as a remote management or access tool.,Block connections to this domain and investigate any related activity.,,,,true
DomainName,assist.jumpcloud.com,2035-07-23T00:00:00Z,Block,Medium,LOLRMM - JumpCloud,Network domain associated with JumpCloud - listed by LOLRMM (Living Off the Land RMM) as a remote management or access tool.,Block connections to this domain and investigate any related activity.,,,,true
DomainName,assist.zoho.com,2035-07-23T00:00:00Z,Block,Medium,LOLRMM - Zoho Assist / Meeting,Network domain associated with Zoho Assist / Meeting - listed by LOLRMM (Living Off the Land RMM) as a remote management or access tool.,Block connections to this domain and investigate any related activity.,,,,true
DomainName,atera-agent-heartbeat.servicebus.windows.net,2035-07-23T00:00:00Z,Block,Medium,LOLRMM - Atera,Network domain associated with Atera - listed by LOLRMM (Living Off the Land RMM) as a remote management or access tool.,Block connections to this domain and investigate any related activity.,,,,true
DomainName,atera.pubnubapi.com,2035-07-23T00:00:00Z,Block,Medium,LOLRMM - Atera,Network domain associated with Atera - listed by LOLRMM (Living Off the Land RMM) as a remote management or access tool.,Block connections to this domain and investigate any related activity.,,,,true
DomainName,atled.syspectr.com,2035-07-23T00:00:00Z,Block,Medium,LOLRMM - Laplink,Network domain associated with Laplink - listed by LOLRMM (Living Off the Land RMM) as a remote management or access tool.,Block connections to this domain and investigate any related activity.,,,,true
DomainName,attachments.servably.com,2035-07-23T00:00:00Z,Block,Medium,LOLRMM - Syncro,Network domain associated with Syncro - listed by LOLRMM (Living Off the Land RMM) as a remote management or access tool.,Block connections to this domain and investigate any related activity.,,,,true
DomainName,auth.api.remote.it,2035-07-23T00:00:00Z,Block,Medium,LOLRMM - remote.it,Network domain associated with remote.it - listed by LOLRMM (Living Off the Land RMM) as a remote management or access tool.,Block connections to this domain and investigate any related activity.,,,,true
DomainName,auvik.com,2035-07-23T00:00:00Z,Block,Medium,LOLRMM - Auvik,Network domain associated with Auvik - listed by LOLRMM (Living Off the Land RMM) as a remote management or access tool.,Block connections to this domain and investigate any related activity.,,,,true
DomainName,baramundi.com,2035-07-23T00:00:00Z,Block,Medium,LOLRMM - baramundi Management Suite,Network domain associated with baramundi Management Suite - listed by LOLRMM (Living Off the Land RMM) as a remote management or access tool.,Block connections to this domain and investigate any related activity.,,,,true
DomainName,beamyourscreen.com,2035-07-23T00:00:00Z,Block,Medium,LOLRMM - Mikogo / BeamYourScreen,Network domain associated with Mikogo / BeamYourScreen - listed by LOLRMM (Living Off the Land RMM) as a remote management or access tool.,Block connections to this domain and investigate any related activity.,,,,true
DomainName,beanywhere.com,2035-07-23T00:00:00Z,Block,Medium,LOLRMM - BeAnywhere Support Express (+1 more),Network domain associated with BeAnywhere Support Express; N-able / SolarWinds - listed by LOLRMM (Living Off the Land RMM) as a remote management or access tool.,Block connections to this domain and investigate any related activity.,,,,true
DomainName,beinsync.com,2035-07-23T00:00:00Z,Block,Medium,LOLRMM - BeInSync,Network domain associated with BeInSync - listed by LOLRMM (Living Off the Land RMM) as a remote management or access tool.,Block connections to this domain and investigate any related activity.,,,,true
DomainName,beinsync.net,2035-07-23T00:00:00Z,Block,Medium,LOLRMM - BeInSync,Network domain associated with BeInSync - listed by LOLRMM (Living Off the Land RMM) as a remote management or access tool.,Block connections to this domain and investigate any related activity.,,,,true
DomainName,beyondtrustcloud.com,2035-07-23T00:00:00Z,Block,Medium,LOLRMM - BeyondTrust / Bomgar,Network domain associated with BeyondTrust / Bomgar - listed by LOLRMM (Living Off the Land RMM) as a remote management or access tool.,Block connections to this domain and investigate any related activity.,,,,true
DomainName,bluetrait.io,2035-07-23T00:00:00Z,Block,Medium,LOLRMM - Bluetrait,Network domain associated with Bluetrait - listed by LOLRMM (Living Off the Land RMM) as a remote management or access tool.,Block connections to this domain and investigate any related activity.,,,,true
DomainName,bomgarcloud.com,2035-07-23T00:00:00Z,Block,Medium,LOLRMM - BeyondTrust / Bomgar,Network domain associated with BeyondTrust / Bomgar - listed by LOLRMM (Living Off the Land RMM) as a remote management or access tool.,Block connections to this domain and investigate any related activity.,,,,true
DomainName,boot.net.anydesk.com,2035-07-23T00:00:00Z,Block,Medium,LOLRMM - AnyDesk,Network domain associated with AnyDesk - listed by LOLRMM (Living Off the Land RMM) as a remote management or access tool.,Block connections to this domain and investigate any related activity.,,,,true
DomainName,breeze.app,2035-07-23T00:00:00Z,Block,Medium,LOLRMM - Breeze,Network domain associated with Breeze - listed by LOLRMM (Living Off the Land RMM) as a remote management or access tool.,Block connections to this domain and investigate any related activity.,,,,true
DomainName,breezermm.com,2035-07-23T00:00:00Z,Block,Medium,LOLRMM - Breeze,Network domain associated with Breeze - listed by LOLRMM (Living Off the Land RMM) as a remote management or access tool.,Block connections to this domain and investigate any related activity.,,,,true
DomainName,builds.level.io,2035-07-23T00:00:00Z,Block,Medium,LOLRMM - Level,Network domain associated with Level - listed by LOLRMM (Living Off the Land RMM) as a remote management or access tool.,Block connections to this domain and investigate any related activity.,,,,true
DomainName,c.mid.al,2035-07-23T00:00:00Z,Block,Medium,LOLRMM - Nezha,Network domain associated with Nezha - listed by LOLRMM (Living Off the Land RMM) as a remote management or access tool.,Block connections to this domain and investigate any related activity.,,,,true
DomainName,caremote1.lavawall.com,2035-07-23T00:00:00Z,Block,Medium,LOLRMM - Lavawall,Network domain associated with Lavawall - listed by LOLRMM (Living Off the Land RMM) as a remote management or access tool.,Block connections to this domain and investigate any related activity.,,,,true
DomainName,cc.centrastage.net,2035-07-23T00:00:00Z,Block,Medium,LOLRMM - Datto RMM / Autotask,Network domain associated with Datto RMM / Autotask - listed by LOLRMM (Living Off the Land RMM) as a remote management or access tool.,Block connections to this domain and investigate any related activity.,,,,true
DomainName,cdn.getgo.com,2035-07-23T00:00:00Z,Block,Medium,LOLRMM - GoToAssist,Network domain associated with GoToAssist - listed by LOLRMM (Living Off the Land RMM) as a remote management or access tool.,Block connections to this domain and investigate any related activity.,,,,true
DomainName,cell-1.domotz.com,2035-07-23T00:00:00Z,Block,Medium,LOLRMM - Domotz,Network domain associated with Domotz - listed by LOLRMM (Living Off the Land RMM) as a remote management or access tool.,Block connections to this domain and investigate any related activity.,,,,true
DomainName,centrastage.net,2035-07-23T00:00:00Z,Block,Medium,LOLRMM - Datto RMM / Autotask,Network domain associated with Datto RMM / Autotask - listed by LOLRMM (Living Off the Land RMM) as a remote management or access tool.,Block connections to this domain and investigate any related activity.,,,,true
DomainName,cfargotunnel.com,2035-07-23T00:00:00Z,Block,Medium,LOLRMM - Cloudflare Tunnel,Network domain associated with Cloudflare Tunnel - listed by LOLRMM (Living Off the Land RMM) as a remote management or access tool.,Block connections to this domain and investigate any related activity.,,,,true
DomainName,cfcdn.pdq.com,2035-07-23T00:00:00Z,Block,Medium,LOLRMM - PDQ Connect / Deploy / Inventory,Network domain associated with PDQ Connect / Deploy / Inventory - listed by LOLRMM (Living Off the Land RMM) as a remote management or access tool.,Block connections to this domain and investigate any related activity.,,,,true
DomainName,cftunnel.com,2035-07-23T00:00:00Z,Block,Medium,LOLRMM - Cloudflare Tunnel,Network domain associated with Cloudflare Tunnel - listed by LOLRMM (Living Off the Land RMM) as a remote management or access tool.,Block connections to this domain and investigate any related activity.,,,,true
DomainName,changes.panorama9.com,2035-07-23T00:00:00Z,Block,Medium,LOLRMM - Panorama9,Network domain associated with Panorama9 - listed by LOLRMM (Living Off the Land RMM) as a remote management or access tool.,Block connections to this domain and investigate any related activity.,,,,true
DomainName,checkip.zmazonaws.com,2035-07-23T00:00:00Z,Block,Medium,LOLRMM - FleetDeck,Network domain associated with FleetDeck - listed by LOLRMM (Living Off the Land RMM) as a remote management or access tool.,Block connections to this domain and investigate any related activity.,,,,true
DomainName,chromoting-client.talkgadget.google.com,2035-07-23T00:00:00Z,Block,Medium,LOLRMM - Chrome Remote Desktop,Network domain associated with Chrome Remote Desktop - listed by LOLRMM (Living Off the Land RMM) as a remote management or access tool.,Block connections to this domain and investigate any related activity.,,,,true
DomainName,chromoting-host.talkgadget.google.com,2035-07-23T00:00:00Z,Block,Medium,LOLRMM - Chrome Remote Desktop,Network domain associated with Chrome Remote Desktop - listed by LOLRMM (Living Off the Land RMM) as a remote management or access tool.,Block connections to this domain and investigate any related activity.,,,,true
DomainName,chromoting-oauth.talkgadget.google.com,2035-07-23T00:00:00Z,Block,Medium,LOLRMM - Chrome Remote Desktop,Network domain associated with Chrome Remote Desktop - listed by LOLRMM (Living Off the Land RMM) as a remote management or access tool.,Block connections to this domain and investigate any related activity.,,,,true
DomainName,client-api.aweray.com,2035-07-23T00:00:00Z,Block,Medium,LOLRMM - AweSun / Aweray,Network domain associated with AweSun / Aweray - listed by LOLRMM (Living Off the Land RMM) as a remote management or access tool.,Block connections to this domain and investigate any related activity.,,,,true
DomainName,client.oray.net,2035-07-23T00:00:00Z,Block,Medium,LOLRMM - Sunlogin / Oray,Network domain associated with Sunlogin / Oray - listed by LOLRMM (Living Off the Land RMM) as a remote management or access tool.,Block connections to this domain and investigate any related activity.,,,,true
DomainName,client.teamviewer.com,2035-07-23T00:00:00Z,Block,Medium,LOLRMM - TeamViewer,Network domain associated with TeamViewer - listed by LOLRMM (Living Off the Land RMM) as a remote management or access tool.,Block connections to this domain and investigate any related activity.,,,,true
DomainName,cloud.acronis.com,2035-07-23T00:00:00Z,Block,Medium,LOLRMM - Acronis Cyber Protect Connect,Network domain associated with Acronis Cyber Protect Connect - listed by LOLRMM (Living Off the Land RMM) as a remote management or access tool.,Block connections to this domain and investigate any related activity.,,,,true
DomainName,cloud.tanium.com,2035-07-23T00:00:00Z,Block,Medium,LOLRMM - Tanium,Network domain associated with Tanium - listed by LOLRMM (Living Off the Land RMM) as a remote management or access tool.,Block connections to this domain and investigate any related activity.,,,,true
DomainName,cloudbackup.management,2035-07-23T00:00:00Z,Block,Medium,LOLRMM - N-able / SolarWinds,Network domain associated with N-able / SolarWinds - listed by LOLRMM (Living Off the Land RMM) as a remote management or access tool.,Block connections to this domain and investigate any related activity.,,,,true
DomainName,cloudberrylab.com,2035-07-23T00:00:00Z,Block,Medium,LOLRMM - MSP360 / CloudBerry Backup,Vendor-wide network domain associated with MSP360 / CloudBerry Backup - listed by LOLRMM (Living Off the Land RMM) as a remote management or access tool.,Block connections to this domain and investigate any related activity.,,,,true
DomainName,cmdm.comodo.com,2035-07-23T00:00:00Z,Block,Medium,LOLRMM - ITarian / Comodo,Network domain associated with ITarian / Comodo - listed by LOLRMM (Living Off the Land RMM) as a remote management or access tool.,Block connections to this domain and investigate any related activity.,,,,true
DomainName,comserver.eu1.mspa.n-able.com,2035-07-23T00:00:00Z,Block,Medium,LOLRMM - N-able / SolarWinds,Network domain associated with N-able / SolarWinds - listed by LOLRMM (Living Off the Land RMM) as a remote management or access tool.,Block connections to this domain and investigate any related activity.,,,,true
DomainName,comserver.global.mspa.n-able.com,2035-07-23T00:00:00Z,Block,Medium,LOLRMM - N-able / SolarWinds,Network domain associated with N-able / SolarWinds - listed by LOLRMM (Living Off the Land RMM) as a remote management or access tool.,Block connections to this domain and investigate any related activity.,,,,true
DomainName,comserver.us1.mspa.n-able.com,2035-07-23T00:00:00Z,Block,Medium,LOLRMM - N-able / SolarWinds,Network domain associated with N-able / SolarWinds - listed by LOLRMM (Living Off the Land RMM) as a remote management or access tool.,Block connections to this domain and investigate any related activity.,,,,true
DomainName,comserver.us2.mspa.n-able.com,2035-07-23T00:00:00Z,Block,Medium,LOLRMM - N-able / SolarWinds,Network domain associated with N-able / SolarWinds - listed by LOLRMM (Living Off the Land RMM) as a remote management or access tool.,Block connections to this domain and investigate any related activity.,,,,true
DomainName,concord-agent-comms.centrastage.net,2035-07-23T00:00:00Z,Block,Medium,LOLRMM - Datto RMM / Autotask,Network domain associated with Datto RMM / Autotask - listed by LOLRMM (Living Off the Land RMM) as a remote management or access tool.,Block connections to this domain and investigate any related activity.,,,,true
DomainName,concord-agent-notifications.centrastage.net,2035-07-23T00:00:00Z,Block,Medium,LOLRMM - Datto RMM / Autotask,Network domain associated with Datto RMM / Autotask - listed by LOLRMM (Living Off the Land RMM) as a remote management or access tool.,Block connections to this domain and investigate any related activity.,,,,true
DomainName,concord-agent.centrastage.net,2035-07-23T00:00:00Z,Block,Medium,LOLRMM - Datto RMM / Autotask,Network domain associated with Datto RMM / Autotask - listed by LOLRMM (Living Off the Land RMM) as a remote management or access tool.,Block connections to this domain and investigate any related activity.,,,,true
DomainName,concord-audit.centrastage.net,2035-07-23T00:00:00Z,Block,Medium,LOLRMM - Datto RMM / Autotask,Network domain associated with Datto RMM / Autotask - listed by LOLRMM (Living Off the Land RMM) as a remote management or access tool.,Block connections to this domain and investigate any related activity.,,,,true
DomainName,concord-frontend-api.centrastage.net,2035-07-23T00:00:00Z,Block,Medium,LOLRMM - Datto RMM / Autotask,Network domain associated with Datto RMM / Autotask - listed by LOLRMM (Living Off the Land RMM) as a remote management or access tool.,Block connections to this domain and investigate any related activity.,,,,true
DomainName,concord-ips.centrastage.net,2035-07-23T00:00:00Z,Block,Medium,LOLRMM - Datto RMM / Autotask,Network domain associated with Datto RMM / Autotask - listed by LOLRMM (Living Off the Land RMM) as a remote management or access tool.,Block connections to this domain and investigate any related activity.,,,,true
DomainName,concord-monitoring.centrastage.net,2035-07-23T00:00:00Z,Block,Medium,LOLRMM - Datto RMM / Autotask,Network domain associated with Datto RMM / Autotask - listed by LOLRMM (Living Off the Land RMM) as a remote management or access tool.,Block connections to this domain and investigate any related activity.,,,,true
DomainName,concord-realtime.centrastage.net,2035-07-23T00:00:00Z,Block,Medium,LOLRMM - Datto RMM / Autotask,Network domain associated with Datto RMM / Autotask - listed by LOLRMM (Living Off the Land RMM) as a remote management or access tool.,Block connections to this domain and investigate any related activity.,,,,true
DomainName,concord.centrastage.net,2035-07-23T00:00:00Z,Block,Medium,LOLRMM - Datto RMM / Autotask,Network domain associated with Datto RMM / Autotask - listed by LOLRMM (Living Off the Land RMM) as a remote management or access tool.,Block connections to this domain and investigate any related activity.,,,,true
DomainName,concord.rmm.datto.com,2035-07-23T00:00:00Z,Block,Medium,LOLRMM - Datto RMM / Autotask,Network domain associated with Datto RMM / Autotask - listed by LOLRMM (Living Off the Land RMM) as a remote management or access tool.,Block connections to this domain and investigate any related activity.,,,,true
DomainName,concordcc.centrastage.net,2035-07-23T00:00:00Z,Block,Medium,LOLRMM - Datto RMM / Autotask,Network domain associated with Datto RMM / Autotask - listed by LOLRMM (Living Off the Land RMM) as a remote management or access tool.,Block connections to this domain and investigate any related activity.,,,,true
DomainName,concordrmm.centrastage.net,2035-07-23T00:00:00Z,Block,Medium,LOLRMM - Datto RMM / Autotask,Network domain associated with Datto RMM / Autotask - listed by LOLRMM (Living Off the Land RMM) as a remote management or access tool.,Block connections to this domain and investigate any related activity.,,,,true
DomainName,connect.acronis.com,2035-07-23T00:00:00Z,Block,Medium,LOLRMM - Acronis Cyber Protect Connect,Network domain associated with Acronis Cyber Protect Connect - listed by LOLRMM (Living Off the Land RMM) as a remote management or access tool.,Block connections to this domain and investigate any related activity.,,,,true
DomainName,connect.ap.ngrok-agent.com,2035-07-23T00:00:00Z,Block,Medium,LOLRMM - ngrok,Network domain associated with ngrok - listed by LOLRMM (Living Off the Land RMM) as a remote management or access tool.,Block connections to this domain and investigate any related activity.,,,,true
DomainName,connect.au.ngrok-agent.com,2035-07-23T00:00:00Z,Block,Medium,LOLRMM - ngrok,Network domain associated with ngrok - listed by LOLRMM (Living Off the Land RMM) as a remote management or access tool.,Block connections to this domain and investigate any related activity.,,,,true
DomainName,connect.backdrop.cloud,2035-07-23T00:00:00Z,Block,Medium,LOLRMM - Netop Remote Control,Network domain associated with Netop Remote Control - listed by LOLRMM (Living Off the Land RMM) as a remote management or access tool.,Block connections to this domain and investigate any related activity.,,,,true
DomainName,connect.eu.ngrok-agent.com,2035-07-23T00:00:00Z,Block,Medium,LOLRMM - ngrok,Network domain associated with ngrok - listed by LOLRMM (Living Off the Land RMM) as a remote management or access tool.,Block connections to this domain and investigate any related activity.,,,,true
DomainName,connect.in.ngrok-agent.com,2035-07-23T00:00:00Z,Block,Medium,LOLRMM - ngrok,Network domain associated with ngrok - listed by LOLRMM (Living Off the Land RMM) as a remote management or access tool.,Block connections to this domain and investigate any related activity.,,,,true
DomainName,connect.jp.ngrok-agent.com,2035-07-23T00:00:00Z,Block,Medium,LOLRMM - ngrok,Network domain associated with ngrok - listed by LOLRMM (Living Off the Land RMM) as a remote management or access tool.,Block connections to this domain and investigate any related activity.,,,,true
DomainName,connect.ngrok-agent.com,2035-07-23T00:00:00Z,Block,Medium,LOLRMM - ngrok,Network domain associated with ngrok - listed by LOLRMM (Living Off the Land RMM) as a remote management or access tool.,Block connections to this domain and investigate any related activity.,,,,true
DomainName,connect.sa.ngrok-agent.com,2035-07-23T00:00:00Z,Block,Medium,LOLRMM - ngrok,Network domain associated with ngrok - listed by LOLRMM (Living Off the Land RMM) as a remote management or access tool.,Block connections to this domain and investigate any related activity.,,,,true
DomainName,connect.us.ngrok-agent.com,2035-07-23T00:00:00Z,Block,Medium,LOLRMM - ngrok,Network domain associated with ngrok - listed by LOLRMM (Living Off the Land RMM) as a remote management or access tool.,Block connections to this domain and investigate any related activity.,,,,true
DomainName,connectwise.com,2035-07-23T00:00:00Z,Block,Medium,LOLRMM - ConnectWise Automate / LabTech,Vendor-wide network domain associated with ConnectWise Automate / LabTech - listed by LOLRMM (Living Off the Land RMM) as a remote management or access tool.,Block connections to this domain and investigate any related activity.,,,,true
DomainName,content.rview.com,2035-07-23T00:00:00Z,Block,Medium,LOLRMM - Rsupport RemoteView / RemoteCall,Network domain associated with Rsupport RemoteView / RemoteCall - listed by LOLRMM (Living Off the Land RMM) as a remote management or access tool.,Block connections to this domain and investigate any related activity.,,,,true
DomainName,control.connectwise.com,2035-07-23T00:00:00Z,Block,Medium,LOLRMM - ConnectWise Control / ScreenConnect,Network domain associated with ConnectWise Control / ScreenConnect - listed by LOLRMM (Living Off the Land RMM) as a remote management or access tool.,Block connections to this domain and investigate any related activity.,,,,true
DomainName,cpt-concord.centrastage.net,2035-07-23T00:00:00Z,Block,Medium,LOLRMM - Datto RMM / Autotask,Network domain associated with Datto RMM / Autotask - listed by LOLRMM (Living Off the Land RMM) as a remote management or access tool.,Block connections to this domain and investigate any related activity.,,,,true
DomainName,cpt-concord.centrastage.net.s3.amazonaws.com,2035-07-23T00:00:00Z,Block,Medium,LOLRMM - Datto RMM / Autotask,Network domain associated with Datto RMM / Autotask - listed by LOLRMM (Living Off the Land RMM) as a remote management or access tool.,Block connections to this domain and investigate any related activity.,,,,true
DomainName,cpt-merlot.centrastage.net,2035-07-23T00:00:00Z,Block,Medium,LOLRMM - Datto RMM / Autotask,Network domain associated with Datto RMM / Autotask - listed by LOLRMM (Living Off the Land RMM) as a remote management or access tool.,Block connections to this domain and investigate any related activity.,,,,true
DomainName,cpt-merlot.centrastage.net.s3.amazonaws.com,2035-07-23T00:00:00Z,Block,Medium,LOLRMM - Datto RMM / Autotask,Network domain associated with Datto RMM / Autotask - listed by LOLRMM (Living Off the Land RMM) as a remote management or access tool.,Block connections to this domain and investigate any related activity.,,,,true
DomainName,cpt-syrah.centrastage.net,2035-07-23T00:00:00Z,Block,Medium,LOLRMM - Datto RMM / Autotask,Network domain associated with Datto RMM / Autotask - listed by LOLRMM (Living Off the Land RMM) as a remote management or access tool.,Block connections to this domain and investigate any related activity.,,,,true
DomainName,cpt-syrah.centrastage.net.s3.amazonaws.com,2035-07-23T00:00:00Z,Block,Medium,LOLRMM - Datto RMM / Autotask,Network domain associated with Datto RMM / Autotask - listed by LOLRMM (Living Off the Land RMM) as a remote management or access tool.,Block connections to this domain and investigate any related activity.,,,,true
DomainName,cpt-vidal.centrastage.net,2035-07-23T00:00:00Z,Block,Medium,LOLRMM - Datto RMM / Autotask,Network domain associated with Datto RMM / Autotask - listed by LOLRMM (Living Off the Land RMM) as a remote management or access tool.,Block connections to this domain and investigate any related activity.,,,,true
DomainName,cpt-vidal.centrastage.net.s3.amazonaws.com,2035-07-23T00:00:00Z,Block,Medium,LOLRMM - Datto RMM / Autotask,Network domain associated with Datto RMM / Autotask - listed by LOLRMM (Living Off the Land RMM) as a remote management or access tool.,Block connections to this domain and investigate any related activity.,,,,true
DomainName,cpt-zinfandel.centrastage.net,2035-07-23T00:00:00Z,Block,Medium,LOLRMM - Datto RMM / Autotask,Network domain associated with Datto RMM / Autotask - listed by LOLRMM (Living Off the Land RMM) as a remote management or access tool.,Block connections to this domain and investigate any related activity.,,,,true
DomainName,cpt-zinfandel.centrastage.net.s3.amazonaws.com,2035-07-23T00:00:00Z,Block,Medium,LOLRMM - Datto RMM / Autotask,Network domain associated with Datto RMM / Autotask - listed by LOLRMM (Living Off the Land RMM) as a remote management or access tool.,Block connections to this domain and investigate any related activity.,,,,true
DomainName,cpt.centrastage.net,2035-07-23T00:00:00Z,Block,Medium,LOLRMM - Datto RMM / Autotask,Network domain associated with Datto RMM / Autotask - listed by LOLRMM (Living Off the Land RMM) as a remote management or access tool.,Block connections to this domain and investigate any related activity.,,,,true
DomainName,cpt.centrastage.net.s3.amazonaws.com,2035-07-23T00:00:00Z,Block,Medium,LOLRMM - Datto RMM / Autotask,Network domain associated with Datto RMM / Autotask - listed by LOLRMM (Living Off the Land RMM) as a remote management or access tool.,Block connections to this domain and investigate any related activity.,,,,true
DomainName,crossloop.com,2035-07-23T00:00:00Z,Block,Medium,LOLRMM - CrossLoop,Network domain associated with CrossLoop - listed by LOLRMM (Living Off the Land RMM) as a remote management or access tool.,Block connections to this domain and investigate any related activity.,,,,true
DomainName,crossloop.en.softonic.com,2035-07-23T00:00:00Z,Block,Medium,LOLRMM - CrossLoop,Network domain associated with CrossLoop - listed by LOLRMM (Living Off the Land RMM) as a remote management or access tool.,Block connections to this domain and investigate any related activity.,,,,true
DomainName,d1m8kha1zyjal6.cloudfront.net,2035-07-23T00:00:00Z,Block,Medium,LOLRMM - Zecurit,Network domain associated with Zecurit - listed by LOLRMM (Living Off the Land RMM) as a remote management or access tool.,Block connections to this domain and investigate any related activity.,,,,true
DomainName,dameware.com,2035-07-23T00:00:00Z,Block,Medium,LOLRMM - Dameware,Network domain associated with Dameware - listed by LOLRMM (Living Off the Land RMM) as a remote management or access tool.,Block connections to this domain and investigate any related activity.,,,,true
DomainName,dashboard.rg-supervision.com,2035-07-23T00:00:00Z,Block,Medium,LOLRMM - RG Supervision,Network domain associated with RG Supervision - listed by LOLRMM (Living Off the Land RMM) as a remote management or access tool.,Block connections to this domain and investigate any related activity.,,,,true
DomainName,demo.controlr.app,2035-07-23T00:00:00Z,Block,Medium,LOLRMM - ControlR,Network domain associated with ControlR - listed by LOLRMM (Living Off the Land RMM) as a remote management or access tool.,Block connections to this domain and investigate any related activity.,,,,true
DomainName,deploy01.kaseya.com,2035-07-23T00:00:00Z,Block,Medium,LOLRMM - Kaseya VSA,Network domain associated with Kaseya VSA - listed by LOLRMM (Living Off the Land RMM) as a remote management or access tool.,Block connections to this domain and investigate any related activity.,,,,true
DomainName,deskroll.com,2035-07-23T00:00:00Z,Block,Medium,LOLRMM - SkyFex,Network domain associated with SkyFex - listed by LOLRMM (Living Off the Land RMM) as a remote management or access tool.,Block connections to this domain and investigate any related activity.,,,,true
DomainName,desktop.qq.com,2035-07-23T00:00:00Z,Block,Medium,LOLRMM - Tencent QQ,Network domain associated with Tencent QQ - listed by LOLRMM (Living Off the Land RMM) as a remote management or access tool.,Block connections to this domain and investigate any related activity.,,,,true
DomainName,desktopcentral.manageengine.cn,2035-07-23T00:00:00Z,Block,Medium,LOLRMM - ManageEngine,Network domain associated with ManageEngine - listed by LOLRMM (Living Off the Land RMM) as a remote management or access tool.,Block connections to this domain and investigate any related activity.,,,,true
DomainName,desktopcentral.manageengine.com,2035-07-23T00:00:00Z,Block,Medium,LOLRMM - ManageEngine,Network domain associated with ManageEngine - listed by LOLRMM (Living Off the Land RMM) as a remote management or access tool.,Block connections to this domain and investigate any related activity.,,,,true
DomainName,desktopcentral.manageengine.com.eu,2035-07-23T00:00:00Z,Block,Medium,LOLRMM - ManageEngine,Network domain associated with ManageEngine - listed by LOLRMM (Living Off the Land RMM) as a remote management or access tool.,Block connections to this domain and investigate any related activity.,,,,true
DomainName,desktopstreaming.com,2035-07-23T00:00:00Z,Block,Medium,LOLRMM - GoToAssist,Network domain associated with GoToAssist - listed by LOLRMM (Living Off the Land RMM) as a remote management or access tool.,Block connections to this domain and investigate any related activity.,,,,true
DomainName,devapi.monitic.com,2035-07-23T00:00:00Z,Block,Medium,LOLRMM - Monitic,Network domain associated with Monitic - listed by LOLRMM (Living Off the Land RMM) as a remote management or access tool.,Block connections to this domain and investigate any related activity.,,,,true
DomainName,devrmm.lunixar.com,2035-07-23T00:00:00Z,Block,Medium,LOLRMM - Lunixar,Network domain associated with Lunixar - listed by LOLRMM (Living Off the Land RMM) as a remote management or access tool.,Block connections to this domain and investigate any related activity.,,,,true
DomainName,distantdesktop.com,2035-07-23T00:00:00Z,Block,Medium,LOLRMM - Distant Desktop,Network domain associated with Distant Desktop - listed by LOLRMM (Living Off the Land RMM) as a remote management or access tool.,Block connections to this domain and investigate any related activity.,,,,true
DomainName,dms.zecurit.com,2035-07-23T00:00:00Z,Block,Medium,LOLRMM - Zecurit,Network domain associated with Zecurit - listed by LOLRMM (Living Off the Land RMM) as a remote management or access tool.,Block connections to this domain and investigate any related activity.,,,,true
DomainName,dms.zoho.com,2035-07-23T00:00:00Z,Block,Medium,LOLRMM - ManageEngine,Network domain associated with ManageEngine - listed by LOLRMM (Living Off the Land RMM) as a remote management or access tool.,Block connections to this domain and investigate any related activity.,,,,true
DomainName,dms.zoho.com.eu,2035-07-23T00:00:00Z,Block,Medium,LOLRMM - ManageEngine,Network domain associated with ManageEngine - listed by LOLRMM (Living Off the Land RMM) as a remote management or access tool.,Block connections to this domain and investigate any related activity.,,,,true
DomainName,docs.baramundi.com,2035-07-23T00:00:00Z,Block,Medium,LOLRMM - baramundi Management Suite,Network domain associated with baramundi Management Suite - listed by LOLRMM (Living Off the Land RMM) as a remote management or access tool.,Block connections to this domain and investigate any related activity.,,,,true
DomainName,docs.invgate.net,2035-07-23T00:00:00Z,Block,Medium,LOLRMM - InvGate,Network domain associated with InvGate - listed by LOLRMM (Living Off the Land RMM) as a remote management or access tool.,Block connections to this domain and investigate any related activity.,,,,true
DomainName,docs.tacticalrmm.com,2035-07-23T00:00:00Z,Block,Medium,LOLRMM - Tactical RMM,Network domain associated with Tactical RMM - listed by LOLRMM (Living Off the Land RMM) as a remote management or access tool.,Block connections to this domain and investigate any related activity.,,,,true
DomainName,domotz.co,2035-07-23T00:00:00Z,Block,Medium,LOLRMM - Domotz,Network domain associated with Domotz - listed by LOLRMM (Living Off the Land RMM) as a remote management or access tool.,Block connections to this domain and investigate any related activity.,,,,true
DomainName,domotz.com,2035-07-23T00:00:00Z,Block,Medium,LOLRMM - Domotz,Network domain associated with Domotz - listed by LOLRMM (Living Off the Land RMM) as a remote management or access tool.,Block connections to this domain and investigate any related activity.,,,,true
DomainName,donkz.nl,2035-07-23T00:00:00Z,Block,Medium,LOLRMM - Remote Desktop Plus,Network domain associated with Remote Desktop Plus - listed by LOLRMM (Living Off the Land RMM) as a remote management or access tool.,Block connections to this domain and investigate any related activity.,,,,true
DomainName,download.hoptodesk.com,2035-07-23T00:00:00Z,Block,Medium,LOLRMM - HopToDesk,Network domain associated with HopToDesk - listed by LOLRMM (Living Off the Land RMM) as a remote management or access tool.,Block connections to this domain and investigate any related activity.,,,,true
DomainName,download.pilixo.com,2035-07-23T00:00:00Z,Block,Medium,LOLRMM - Pilixo,Network domain associated with Pilixo - listed by LOLRMM (Living Off the Land RMM) as a remote management or access tool.,Block connections to this domain and investigate any related activity.,,,,true
DomainName,download.remsupp.com,2035-07-23T00:00:00Z,Block,Medium,LOLRMM - RemSupp,Network domain associated with RemSupp - listed by LOLRMM (Living Off the Land RMM) as a remote management or access tool.,Block connections to this domain and investigate any related activity.,,,,true
DomainName,downloads.level.io,2035-07-23T00:00:00Z,Block,Medium,LOLRMM - Level,Network domain associated with Level - listed by LOLRMM (Living Off the Land RMM) as a remote management or access tool.,Block connections to this domain and investigate any related activity.,,,,true
DomainName,downloads.lunixar.com,2035-07-23T00:00:00Z,Block,Medium,LOLRMM - Lunixar,Network domain associated with Lunixar - listed by LOLRMM (Living Off the Land RMM) as a remote management or access tool.,Block connections to this domain and investigate any related activity.,,,,true
DomainName,downloads.vector-networks.com,2035-07-23T00:00:00Z,Block,Medium,LOLRMM - Vector / LANutil,Network domain associated with Vector / LANutil - listed by LOLRMM (Living Off the Land RMM) as a remote management or access tool.,Block connections to this domain and investigate any related activity.,,,,true
DomainName,downloads.zohocdn.com,2035-07-23T00:00:00Z,Block,Medium,LOLRMM - Zoho Assist / Meeting,Network domain associated with Zoho Assist / Meeting - listed by LOLRMM (Living Off the Land RMM) as a remote management or access tool.,Block connections to this domain and investigate any related activity.,,,,true
DomainName,downloads.zohodl.com.cn,2035-07-23T00:00:00Z,Block,Medium,LOLRMM - Zoho Assist / Meeting,Network domain associated with Zoho Assist / Meeting - listed by LOLRMM (Living Off the Land RMM) as a remote management or access tool.,Block connections to this domain and investigate any related activity.,,,,true
DomainName,dronemaker.org,2035-07-23T00:00:00Z,Block,Medium,LOLRMM - SimpleHelp,Network domain associated with SimpleHelp - listed by LOLRMM (Living Off the Land RMM) as a remote management or access tool.,Block connections to this domain and investigate any related activity.,,,,true
DomainName,dwservice.net,2035-07-23T00:00:00Z,Block,Medium,LOLRMM - DWService,Network domain associated with DWService - listed by LOLRMM (Living Off the Land RMM) as a remote management or access tool.,Block connections to this domain and investigate any related activity.,,,,true
DomainName,eb.ap-southeast-2.prd.davinci.system-monitor.com,2035-07-23T00:00:00Z,Block,Medium,LOLRMM - N-able / SolarWinds,Network domain associated with N-able / SolarWinds - listed by LOLRMM (Living Off the Land RMM) as a remote management or access tool.,Block connections to this domain and investigate any related activity.,,,,true
DomainName,eb.eu-central-1.prd.davinci.system-monitor.com,2035-07-23T00:00:00Z,Block,Medium,LOLRMM - N-able / SolarWinds,Network domain associated with N-able / SolarWinds - listed by LOLRMM (Living Off the Land RMM) as a remote management or access tool.,Block connections to this domain and investigate any related activity.,,,,true
DomainName,eb.eu-west-1.prd.davinci.system-monitor.com,2035-07-23T00:00:00Z,Block,Medium,LOLRMM - N-able / SolarWinds,Network domain associated with N-able / SolarWinds - listed by LOLRMM (Living Off the Land RMM) as a remote management or access tool.,Block connections to this domain and investigate any related activity.,,,,true
DomainName,eb.us-west-2.prd.davinci.system-monitor.com,2035-07-23T00:00:00Z,Block,Medium,LOLRMM - N-able / SolarWinds,Network domain associated with N-able / SolarWinds - listed by LOLRMM (Living Off the Land RMM) as a remote management or access tool.,Block connections to this domain and investigate any related activity.,,,,true
DomainName,ehorus.com,2035-07-23T00:00:00Z,Block,Medium,LOLRMM - eHorus / Pandora RC,Network domain associated with eHorus / Pandora RC - listed by LOLRMM (Living Off the Land RMM) as a remote management or access tool.,Block connections to this domain and investigate any related activity.,,,,true
DomainName,endpoint.ingress.rapid7.com,2035-07-23T00:00:00Z,Block,Medium,LOLRMM - Rapid7 Insight,Network domain associated with Rapid7 Insight - listed by LOLRMM (Living Off the Land RMM) as a remote management or access tool.,Block connections to this domain and investigate any related activity.,,,,true
DomainName,ericom.com,2035-07-23T00:00:00Z,Block,Medium,LOLRMM - Ericom,Vendor-wide network domain associated with Ericom - listed by LOLRMM (Living Off the Land RMM) as a remote management or access tool.,Block connections to this domain and investigate any related activity.,,,,true
DomainName,eu.2breeze.app,2035-07-23T00:00:00Z,Block,Medium,LOLRMM - Breeze,Network domain associated with Breeze - listed by LOLRMM (Living Off the Land RMM) as a remote management or access tool.,Block connections to this domain and investigate any related activity.,,,,true
DomainName,everywhere.laplink.com,2035-07-23T00:00:00Z,Block,Medium,LOLRMM - Laplink,Network domain associated with Laplink - listed by LOLRMM (Living Off the Land RMM) as a remote management or access tool.,Block connections to this domain and investigate any related activity.,,,,true
DomainName,ezhelp.co.kr,2035-07-23T00:00:00Z,Block,Medium,LOLRMM - ezHelp,Network domain associated with ezHelp - listed by LOLRMM (Living Off the Land RMM) as a remote management or access tool.,Block connections to this domain and investigate any related activity.,,,,true
DomainName,fastsupport.com,2035-07-23T00:00:00Z,Block,Medium,LOLRMM - GoToAssist,Network domain associated with GoToAssist - listed by LOLRMM (Living Off the Land RMM) as a remote management or access tool.,Block connections to this domain and investigate any related activity.,,,,true
DomainName,fastviewer.com,2035-07-23T00:00:00Z,Block,Medium,LOLRMM - FastViewer,Network domain associated with FastViewer - listed by LOLRMM (Living Off the Land RMM) as a remote management or access tool.,Block connections to this domain and investigate any related activity.,,,,true
DomainName,fdcollab.com,2035-07-23T00:00:00Z,Block,Medium,LOLRMM - Freshservice,Network domain associated with Freshservice - listed by LOLRMM (Living Off the Land RMM) as a remote management or access tool.,Block connections to this domain and investigate any related activity.,,,,true
DomainName,features.concord.rmm.datto.com,2035-07-23T00:00:00Z,Block,Medium,LOLRMM - Datto RMM / Autotask,Network domain associated with Datto RMM / Autotask - listed by LOLRMM (Living Off the Land RMM) as a remote management or access tool.,Block connections to this domain and investigate any related activity.,,,,true
DomainName,features.merlot.rmm.datto.com,2035-07-23T00:00:00Z,Block,Medium,LOLRMM - Datto RMM / Autotask,Network domain associated with Datto RMM / Autotask - listed by LOLRMM (Living Off the Land RMM) as a remote management or access tool.,Block connections to this domain and investigate any related activity.,,,,true
DomainName,features.pinotage.rmm.datto.com,2035-07-23T00:00:00Z,Block,Medium,LOLRMM - Datto RMM / Autotask,Network domain associated with Datto RMM / Autotask - listed by LOLRMM (Living Off the Land RMM) as a remote management or access tool.,Block connections to this domain and investigate any related activity.,,,,true
DomainName,features.syrah.rmm.datto.com,2035-07-23T00:00:00Z,Block,Medium,LOLRMM - Datto RMM / Autotask,Network domain associated with Datto RMM / Autotask - listed by LOLRMM (Living Off the Land RMM) as a remote management or access tool.,Block connections to this domain and investigate any related activity.,,,,true
DomainName,features.vidal.rmm.datto.com,2035-07-23T00:00:00Z,Block,Medium,LOLRMM - Datto RMM / Autotask,Network domain associated with Datto RMM / Autotask - listed by LOLRMM (Living Off the Land RMM) as a remote management or access tool.,Block connections to this domain and investigate any related activity.,,,,true
DomainName,features.zinfandel.rmm.datto.com,2035-07-23T00:00:00Z,Block,Medium,LOLRMM - Datto RMM / Autotask,Network domain associated with Datto RMM / Autotask - listed by LOLRMM (Living Off the Land RMM) as a remote management or access tool.,Block connections to this domain and investigate any related activity.,,,,true
DomainName,feeds.n-able.com,2035-07-23T00:00:00Z,Block,Medium,LOLRMM - N-able / SolarWinds,Network domain associated with N-able / SolarWinds - listed by LOLRMM (Living Off the Land RMM) as a remote management or access tool.,Block connections to this domain and investigate any related activity.,,,,true
DomainName,fixme.it,2035-07-23T00:00:00Z,Block,Medium,LOLRMM - FixMe.IT,Network domain associated with FixMe.IT - listed by LOLRMM (Living Off the Land RMM) as a remote management or access tool.,Block connections to this domain and investigate any related activity.,,,,true
DomainName,fleetdeck.io,2035-07-23T00:00:00Z,Block,Medium,LOLRMM - FleetDeck,Network domain associated with FleetDeck - listed by LOLRMM (Living Off the Land RMM) as a remote management or access tool.,Block connections to this domain and investigate any related activity.,,,,true
DomainName,freshservice.com,2035-07-23T00:00:00Z,Block,Medium,LOLRMM - Freshservice,Network domain associated with Freshservice - listed by LOLRMM (Living Off the Land RMM) as a remote management or access tool.,Block connections to this domain and investigate any related activity.,,,,true
DomainName,fstools.freshasset.com,2035-07-23T00:00:00Z,Block,Medium,LOLRMM - Freshservice,Network domain associated with Freshservice - listed by LOLRMM (Living Off the Land RMM) as a remote management or access tool.,Block connections to this domain and investigate any related activity.,,,,true
DomainName,fstools.freshservice.com,2035-07-23T00:00:00Z,Block,Medium,LOLRMM - Freshservice,Network domain associated with Freshservice - listed by LOLRMM (Living Off the Land RMM) as a remote management or access tool.,Block connections to this domain and investigate any related activity.,,,,true
DomainName,gateway.miradore.com,2035-07-23T00:00:00Z,Block,Medium,LOLRMM - Miradore,Network domain associated with Miradore - listed by LOLRMM (Living Off the Land RMM) as a remote management or access tool.,Block connections to this domain and investigate any related activity.,,,,true
DomainName,gateway.zohoassist.com,2035-07-23T00:00:00Z,Block,Medium,LOLRMM - Zoho Assist / Meeting,Network domain associated with Zoho Assist / Meeting - listed by LOLRMM (Living Off the Land RMM) as a remote management or access tool.,Block connections to this domain and investigate any related activity.,,,,true
DomainName,gatherplace.com,2035-07-23T00:00:00Z,Block,Medium,LOLRMM - GatherPlace,Network domain associated with GatherPlace - listed by LOLRMM (Living Off the Land RMM) as a remote management or access tool.,Block connections to this domain and investigate any related activity.,,,,true
DomainName,gatherplace.net,2035-07-23T00:00:00Z,Block,Medium,LOLRMM - GatherPlace,Network domain associated with GatherPlace - listed by LOLRMM (Living Off the Land RMM) as a remote management or access tool.,Block connections to this domain and investigate any related activity.,,,,true
DomainName,gd.bj2.xyz,2035-07-23T00:00:00Z,Block,Medium,LOLRMM - Nezha,Network domain associated with Nezha - listed by LOLRMM (Living Off the Land RMM) as a remote management or access tool.,Block connections to this domain and investigate any related activity.,,,,true
DomainName,geo.netsupportsoftware.com,2035-07-23T00:00:00Z,Block,Medium,LOLRMM - NetSupport Manager,Network domain associated with NetSupport Manager - listed by LOLRMM (Living Off the Land RMM) as a remote management or access tool.,Block connections to this domain and investigate any related activity.,,,,true
DomainName,gerwconline.blob.core.windows.net,2035-07-23T00:00:00Z,Block,Medium,LOLRMM - Miradore,Network domain associated with Miradore - listed by LOLRMM (Living Off the Land RMM) as a remote management or access tool.,Block connections to this domain and investigate any related activity.,,,,true
DomainName,get.helpwire.app,2035-07-23T00:00:00Z,Block,Medium,LOLRMM - HelpWire,Network domain associated with HelpWire - listed by LOLRMM (Living Off the Land RMM) as a remote management or access tool.,Block connections to this domain and investigate any related activity.,,,,true
DomainName,getalphacontrol.com,2035-07-23T00:00:00Z,Block,Medium,LOLRMM - Atera,Network domain associated with Atera - listed by LOLRMM (Living Off the Land RMM) as a remote management or access tool.,Block connections to this domain and investigate any related activity.,,,,true
DomainName,getscreen.me,2035-07-23T00:00:00Z,Block,Medium,LOLRMM - GetScreen,Network domain associated with GetScreen - listed by LOLRMM (Living Off the Land RMM) as a remote management or access tool.,Block connections to this domain and investigate any related activity.,,,,true
DomainName,go.getscreen.me,2035-07-23T00:00:00Z,Block,Medium,LOLRMM - GetScreen,Network domain associated with GetScreen - listed by LOLRMM (Living Off the Land RMM) as a remote management or access tool.,Block connections to this domain and investigate any related activity.,,,,true
DomainName,gorelo-rmm.azurewebsites.net,2035-07-23T00:00:00Z,Block,Medium,LOLRMM - Gorelo,Network domain associated with Gorelo - listed by LOLRMM (Living Off the Land RMM) as a remote management or access tool.,Block connections to this domain and investigate any related activity.,,,,true
DomainName,gotoassist.at,2035-07-23T00:00:00Z,Block,Medium,LOLRMM - GoToAssist,Network domain associated with GoToAssist - listed by LOLRMM (Living Off the Land RMM) as a remote management or access tool.,Block connections to this domain and investigate any related activity.,,,,true
DomainName,gotoassist.com,2035-07-23T00:00:00Z,Block,Medium,LOLRMM - GoToAssist,Network domain associated with GoToAssist - listed by LOLRMM (Living Off the Land RMM) as a remote management or access tool.,Block connections to this domain and investigate any related activity.,,,,true
DomainName,gotoassist.me,2035-07-23T00:00:00Z,Block,Medium,LOLRMM - GoToAssist,Network domain associated with GoToAssist - listed by LOLRMM (Living Off the Land RMM) as a remote management or access tool.,Block connections to this domain and investigate any related activity.,,,,true
DomainName,gotohttp.com,2035-07-23T00:00:00Z,Block,Medium,LOLRMM - GoToHTTP,Network domain associated with GoToHTTP - listed by LOLRMM (Living Off the Land RMM) as a remote management or access tool.,Block connections to this domain and investigate any related activity.,,,,true
DomainName,gotomypc.com,2035-07-23T00:00:00Z,Block,Medium,LOLRMM - LogMeIn / GoToMyPC / Rescue,Network domain associated with LogMeIn / GoToMyPC / Rescue - listed by LOLRMM (Living Off the Land RMM) as a remote management or access tool.,Block connections to this domain and investigate any related activity.,,,,true
DomainName,goverlan.com,2035-07-23T00:00:00Z,Block,Medium,LOLRMM - Goverlan / EV Reach,Network domain associated with Goverlan / EV Reach - listed by LOLRMM (Living Off the Land RMM) as a remote management or access tool.,Block connections to this domain and investigate any related activity.,,,,true
DomainName,guacamole.apache.org,2035-07-23T00:00:00Z,Block,Medium,LOLRMM - Apache Guacamole,Network domain associated with Apache Guacamole - listed by LOLRMM (Living Off the Land RMM) as a remote management or access tool.,Block connections to this domain and investigate any related activity.,,,,true
DomainName,gw.remotix.com,2035-07-23T00:00:00Z,Block,Medium,LOLRMM - Acronis Cyber Protect Connect,Network domain associated with Acronis Cyber Protect Connect - listed by LOLRMM (Living Off the Land RMM) as a remote management or access tool.,Block connections to this domain and investigate any related activity.,,,,true
DomainName,gw.usw.gorelo.tech,2035-07-23T00:00:00Z,Block,Medium,LOLRMM - Gorelo,Network domain associated with Gorelo - listed by LOLRMM (Living Off the Land RMM) as a remote management or access tool.,Block connections to this domain and investigate any related activity.,,,,true
DomainName,h2.cftunnel.com,2035-07-23T00:00:00Z,Block,Medium,LOLRMM - Cloudflare Tunnel,Network domain associated with Cloudflare Tunnel - listed by LOLRMM (Living Off the Land RMM) as a remote management or access tool.,Block connections to this domain and investigate any related activity.,,,,true
DomainName,heartbeatrm.com,2035-07-23T00:00:00Z,Block,Medium,LOLRMM - HeartbeatRM,Network domain associated with HeartbeatRM - listed by LOLRMM (Living Off the Land RMM) as a remote management or access tool.,Block connections to this domain and investigate any related activity.,,,,true
DomainName,help.invgate.com,2035-07-23T00:00:00Z,Block,Medium,LOLRMM - InvGate,Network domain associated with InvGate - listed by LOLRMM (Living Off the Land RMM) as a remote management or access tool.,Block connections to this domain and investigate any related activity.,,,,true
DomainName,helpbeam.software.informer.com,2035-07-23T00:00:00Z,Block,Medium,LOLRMM - HelpBeam,Network domain associated with HelpBeam - listed by LOLRMM (Living Off the Land RMM) as a remote management or access tool.,Block connections to this domain and investigate any related activity.,,,,true
DomainName,helpme.net,2035-07-23T00:00:00Z,Block,Medium,LOLRMM - GoToAssist,Network domain associated with GoToAssist - listed by LOLRMM (Living Off the Land RMM) as a remote management or access tool.,Block connections to this domain and investigate any related activity.,,,,true
DomainName,helpu.co.kr,2035-07-23T00:00:00Z,Block,Medium,LOLRMM - HelpU,Network domain associated with HelpU - listed by LOLRMM (Living Off the Land RMM) as a remote management or access tool.,Block connections to this domain and investigate any related activity.,,,,true
DomainName,helpwire.app,2035-07-23T00:00:00Z,Block,Medium,LOLRMM - HelpWire,Network domain associated with HelpWire - listed by LOLRMM (Living Off the Land RMM) as a remote management or access tool.,Block connections to this domain and investigate any related activity.,,,,true
DomainName,hoptodesk.com,2035-07-23T00:00:00Z,Block,Medium,LOLRMM - HopToDesk,Network domain associated with HopToDesk - listed by LOLRMM (Living Off the Land RMM) as a remote management or access tool.,Block connections to this domain and investigate any related activity.,,,,true
DomainName,hostedrmm.com,2035-07-23T00:00:00Z,Block,Medium,LOLRMM - ConnectWise Automate / LabTech,Network domain associated with ConnectWise Automate / LabTech - listed by LOLRMM (Living Off the Land RMM) as a remote management or access tool.,Block connections to this domain and investigate any related activity.,,,,true
DomainName,image.getscreen.me,2035-07-23T00:00:00Z,Block,Medium,LOLRMM - GetScreen,Network domain associated with GetScreen - listed by LOLRMM (Living Off the Land RMM) as a remote management or access tool.,Block connections to this domain and investigate any related activity.,,,,true
DomainName,immy.bot,2035-07-23T00:00:00Z,Block,Medium,LOLRMM - ImmyBot,Network domain associated with ImmyBot - listed by LOLRMM (Living Off the Land RMM) as a remote management or access tool.,Block connections to this domain and investigate any related activity.,,,,true
DomainName,imperosoftware.com,2035-07-23T00:00:00Z,Block,Medium,LOLRMM - Netop Remote Control,Network domain associated with Netop Remote Control - listed by LOLRMM (Living Off the Land RMM) as a remote management or access tool.,Block connections to this domain and investigate any related activity.,,,,true
DomainName,instances-info.invgate.com,2035-07-23T00:00:00Z,Block,Medium,LOLRMM - InvGate,Network domain associated with InvGate - listed by LOLRMM (Living Off the Land RMM) as a remote management or access tool.,Block connections to this domain and investigate any related activity.,,,,true
DomainName,instances-list.invgate.com,2035-07-23T00:00:00Z,Block,Medium,LOLRMM - InvGate,Network domain associated with InvGate - listed by LOLRMM (Living Off the Land RMM) as a remote management or access tool.,Block connections to this domain and investigate any related activity.,,,,true
DomainName,instanthousecall.com,2035-07-23T00:00:00Z,Block,Medium,LOLRMM - Instant Housecall,Network domain associated with Instant Housecall - listed by LOLRMM (Living Off the Land RMM) as a remote management or access tool.,Block connections to this domain and investigate any related activity.,,,,true
DomainName,instanthousecall.net,2035-07-23T00:00:00Z,Block,Medium,LOLRMM - Instant Housecall,Network domain associated with Instant Housecall - listed by LOLRMM (Living Off the Land RMM) as a remote management or access tool.,Block connections to this domain and investigate any related activity.,,,,true
DomainName,intelliadmin.com,2035-07-23T00:00:00Z,Block,Medium,LOLRMM - IntelliAdmin,Network domain associated with IntelliAdmin - listed by LOLRMM (Living Off the Land RMM) as a remote management or access tool.,Block connections to this domain and investigate any related activity.,,,,true
DomainName,internetid.ru,2035-07-23T00:00:00Z,Block,Medium,LOLRMM - Remote Utilities,Network domain associated with Remote Utilities - listed by LOLRMM (Living Off the Land RMM) as a remote management or access tool.,Block connections to this domain and investigate any related activity.,,,,true
DomainName,invgate.com,2035-07-23T00:00:00Z,Block,Medium,LOLRMM - InvGate,Network domain associated with InvGate - listed by LOLRMM (Living Off the Land RMM) as a remote management or access tool.,Block connections to this domain and investigate any related activity.,,,,true
DomainName,invgate.net,2035-07-23T00:00:00Z,Block,Medium,LOLRMM - InvGate,Network domain associated with InvGate - listed by LOLRMM (Living Off the Land RMM) as a remote management or access tool.,Block connections to this domain and investigate any related activity.,,,,true
DomainName,iperius-rs.com,2035-07-23T00:00:00Z,Block,Medium,LOLRMM - Iperius Remote,Network domain associated with Iperius Remote - listed by LOLRMM (Living Off the Land RMM) as a remote management or access tool.,Block connections to this domain and investigate any related activity.,,,,true
DomainName,iperius.com,2035-07-23T00:00:00Z,Block,Medium,LOLRMM - Iperius Remote,Network domain associated with Iperius Remote - listed by LOLRMM (Living Off the Land RMM) as a remote management or access tool.,Block connections to this domain and investigate any related activity.,,,,true
DomainName,iperiusremote.com,2035-07-23T00:00:00Z,Block,Medium,LOLRMM - Iperius Remote,Network domain associated with Iperius Remote - listed by LOLRMM (Living Off the Land RMM) as a remote management or access tool.,Block connections to this domain and investigate any related activity.,,,,true
DomainName,islonline.com,2035-07-23T00:00:00Z,Block,Medium,LOLRMM - ISL Online,Network domain associated with ISL Online - listed by LOLRMM (Living Off the Land RMM) as a remote management or access tool.,Block connections to this domain and investigate any related activity.,,,,true
DomainName,islonline.net,2035-07-23T00:00:00Z,Block,Medium,LOLRMM - ISL Online,Network domain associated with ISL Online - listed by LOLRMM (Living Off the Land RMM) as a remote management or access tool.,Block connections to this domain and investigate any related activity.,,,,true
DomainName,isodownload.baramundi.com,2035-07-23T00:00:00Z,Block,Medium,LOLRMM - baramundi Management Suite,Network domain associated with baramundi Management Suite - listed by LOLRMM (Living Off the Land RMM) as a remote management or access tool.,Block connections to this domain and investigate any related activity.,,,,true
DomainName,itsm-us1.comodo.com,2035-07-23T00:00:00Z,Block,Medium,LOLRMM - ITarian / Comodo,Network domain associated with ITarian / Comodo - listed by LOLRMM (Living Off the Land RMM) as a remote management or access tool.,Block connections to this domain and investigate any related activity.,,,,true
DomainName,ivanti.com,2035-07-23T00:00:00Z,Block,Medium,LOLRMM - Ivanti / LANDesk,Vendor-wide network domain associated with Ivanti / LANDesk - listed by LOLRMM (Living Off the Land RMM) as a remote management or access tool.,Block connections to this domain and investigate any related activity.,,,,true
DomainName,ivanticloud.com,2035-07-23T00:00:00Z,Block,Medium,LOLRMM - Ivanti / LANDesk,Vendor-wide network domain associated with Ivanti / LANDesk - listed by LOLRMM (Living Off the Land RMM) as a remote management or access tool.,Block connections to this domain and investigate any related activity.,,,,true
DomainName,jumpdesktop.com,2035-07-23T00:00:00Z,Block,Medium,LOLRMM - Jump Desktop,Network domain associated with Jump Desktop - listed by LOLRMM (Living Off the Land RMM) as a remote management or access tool.,Block connections to this domain and investigate any related activity.,,,,true
DomainName,jumpto.me,2035-07-23T00:00:00Z,Block,Medium,LOLRMM - Jump Desktop,Network domain associated with Jump Desktop - listed by LOLRMM (Living Off the Land RMM) as a remote management or access tool.,Block connections to this domain and investigate any related activity.,,,,true
DomainName,kabuto.io,2035-07-23T00:00:00Z,Block,Medium,LOLRMM - Kabuto (+1 more),Network domain associated with Kabuto; Syncro - listed by LOLRMM (Living Off the Land RMM) as a remote management or access tool.,Block connections to this domain and investigate any related activity.,,,,true
DomainName,kabutoservices.com,2035-07-23T00:00:00Z,Block,Medium,LOLRMM - Syncro,Network domain associated with Syncro - listed by LOLRMM (Living Off the Land RMM) as a remote management or access tool.,Block connections to this domain and investigate any related activity.,,,,true
DomainName,khelpdesk.com.br,2035-07-23T00:00:00Z,Block,Medium,LOLRMM - KHelpDesk,Network domain associated with KHelpDesk - listed by LOLRMM (Living Off the Land RMM) as a remote management or access tool.,Block connections to this domain and investigate any related activity.,,,,true
DomainName,komari-document.pages.dev,2035-07-23T00:00:00Z,Block,Medium,LOLRMM - Komari,Network domain associated with Komari - listed by LOLRMM (Living Off the Land RMM) as a remote management or access tool.,Block connections to this domain and investigate any related activity.,,,,true
DomainName,komari.wiki,2035-07-23T00:00:00Z,Block,Medium,LOLRMM - Komari,Network domain associated with Komari - listed by LOLRMM (Living Off the Land RMM) as a remote management or access tool.,Block connections to this domain and investigate any related activity.,,,,true
DomainName,lavawinupdate.lavawall.com,2035-07-23T00:00:00Z,Block,Medium,LOLRMM - Lavawall,Network domain associated with Lavawall - listed by LOLRMM (Living Off the Land RMM) as a remote management or access tool.,Block connections to this domain and investigate any related activity.,,,,true
DomainName,lb-insight-001.invgate.net,2035-07-23T00:00:00Z,Block,Medium,LOLRMM - InvGate,Network domain associated with InvGate - listed by LOLRMM (Living Off the Land RMM) as a remote management or access tool.,Block connections to this domain and investigate any related activity.,,,,true
DomainName,ld.aurelius.host,2035-07-23T00:00:00Z,Block,Medium,LOLRMM - Syncro,Network domain associated with Syncro - listed by LOLRMM (Living Off the Land RMM) as a remote management or access tool.,Block connections to this domain and investigate any related activity.,,,,true
DomainName,le.laplink.com,2035-07-23T00:00:00Z,Block,Medium,LOLRMM - Laplink,Network domain associated with Laplink - listed by LOLRMM (Living Off the Land RMM) as a remote management or access tool.,Block connections to this domain and investigate any related activity.,,,,true
DomainName,level.io,2035-07-23T00:00:00Z,Block,Medium,LOLRMM - Level,Network domain associated with Level - listed by LOLRMM (Living Off the Land RMM) as a remote management or access tool.,Block connections to this domain and investigate any related activity.,,,,true
DomainName,light-rmm-monitor-20260825.azurewebsites.net,2035-07-23T00:00:00Z,Block,Medium,LOLRMM - LightRMM,Network domain associated with LightRMM - listed by LOLRMM (Living Off the Land RMM) as a remote management or access tool.,Block connections to this domain and investigate any related activity.,,,,true
DomainName,lisa.rg-supervision.com,2035-07-23T00:00:00Z,Block,Medium,LOLRMM - RG Supervision,Network domain associated with RG Supervision - listed by LOLRMM (Living Off the Land RMM) as a remote management or access tool.,Block connections to this domain and investigate any related activity.,,,,true
DomainName,litemanager.com,2035-07-23T00:00:00Z,Block,Medium,LOLRMM - LiteManager,Network domain associated with LiteManager - listed by LOLRMM (Living Off the Land RMM) as a remote management or access tool.,Block connections to this domain and investigate any related activity.,,,,true
DomainName,litemanager.ru,2035-07-23T00:00:00Z,Block,Medium,LOLRMM - LiteManager,Network domain associated with LiteManager - listed by LOLRMM (Living Off the Land RMM) as a remote management or access tool.,Block connections to this domain and investigate any related activity.,,,,true
DomainName,live.screenconnect.com,2035-07-23T00:00:00Z,Block,Medium,LOLRMM - ConnectWise Control / ScreenConnect,Network domain associated with ConnectWise Control / ScreenConnect - listed by LOLRMM (Living Off the Land RMM) as a remote management or access tool.,Block connections to this domain and investigate any related activity.,,,,true
DomainName,logistical-software.co.uk,2035-07-23T00:00:00Z,Block,Medium,LOLRMM - LS RMM,Network domain associated with LS RMM - listed by LOLRMM (Living Off the Land RMM) as a remote management or access tool.,Block connections to this domain and investigate any related activity.,,,,true
DomainName,logmein-gateway.com,2035-07-23T00:00:00Z,Block,Medium,LOLRMM - LogMeIn / GoToMyPC / Rescue,Network domain associated with LogMeIn / GoToMyPC / Rescue - listed by LOLRMM (Living Off the Land RMM) as a remote management or access tool.,Block connections to this domain and investigate any related activity.,,,,true
DomainName,logmein.com,2035-07-23T00:00:00Z,Block,Medium,LOLRMM - LogMeIn / GoToMyPC / Rescue,Network domain associated with LogMeIn / GoToMyPC / Rescue - listed by LOLRMM (Living Off the Land RMM) as a remote management or access tool.,Block connections to this domain and investigate any related activity.,,,,true
DomainName,logmein.eu,2035-07-23T00:00:00Z,Block,Medium,LOLRMM - LogMeIn / GoToMyPC / Rescue,Network domain associated with LogMeIn / GoToMyPC / Rescue - listed by LOLRMM (Living Off the Land RMM) as a remote management or access tool.,Block connections to this domain and investigate any related activity.,,,,true
DomainName,logmeininc.com,2035-07-23T00:00:00Z,Block,Medium,LOLRMM - LogMeIn / GoToMyPC / Rescue,Network domain associated with LogMeIn / GoToMyPC / Rescue - listed by LOLRMM (Living Off the Land RMM) as a remote management or access tool.,Block connections to this domain and investigate any related activity.,,,,true
DomainName,logmeinrescue.com,2035-07-23T00:00:00Z,Block,Medium,LOLRMM - LogMeIn / GoToMyPC / Rescue,Network domain associated with LogMeIn / GoToMyPC / Rescue - listed by LOLRMM (Living Off the Land RMM) as a remote management or access tool.,Block connections to this domain and investigate any related activity.,,,,true
DomainName,logmeinrescue.eu,2035-07-23T00:00:00Z,Block,Medium,LOLRMM - LogMeIn / GoToMyPC / Rescue,Network domain associated with LogMeIn / GoToMyPC / Rescue - listed by LOLRMM (Living Off the Land RMM) as a remote management or access tool.,Block connections to this domain and investigate any related activity.,,,,true
DomainName,lr.rmm.pod1.usw.gorelo.tech,2035-07-23T00:00:00Z,Block,Medium,LOLRMM - Gorelo,Network domain associated with Gorelo - listed by LOLRMM (Living Off the Land RMM) as a remote management or access tool.,Block connections to this domain and investigate any related activity.,,,,true
DomainName,lunixar.com,2035-07-23T00:00:00Z,Block,Medium,LOLRMM - Lunixar,Network domain associated with Lunixar - listed by LOLRMM (Living Off the Land RMM) as a remote management or access tool.,Block connections to this domain and investigate any related activity.,,,,true
DomainName,mail.metaquest.com,2035-07-23T00:00:00Z,Block,Medium,LOLRMM - Vector / LANutil,Network domain associated with Vector / LANutil - listed by LOLRMM (Living Off the Land RMM) as a remote management or access tool.,Block connections to this domain and investigate any related activity.,,,,true
DomainName,managedsupport.kaseya.net,2035-07-23T00:00:00Z,Block,Medium,LOLRMM - Kaseya VSA,Network domain associated with Kaseya VSA - listed by LOLRMM (Living Off the Land RMM) as a remote management or access tool.,Block connections to this domain and investigate any related activity.,,,,true
DomainName,manageengine.com,2035-07-23T00:00:00Z,Block,Medium,LOLRMM - ManageEngine,Vendor-wide network domain associated with ManageEngine - listed by LOLRMM (Living Off the Land RMM) as a remote management or access tool.,Block connections to this domain and investigate any related activity.,,,,true
DomainName,mdmsupport.comodo.com,2035-07-23T00:00:00Z,Block,Medium,LOLRMM - ITarian / Comodo,Network domain associated with ITarian / Comodo - listed by LOLRMM (Living Off the Land RMM) as a remote management or access tool.,Block connections to this domain and investigate any related activity.,,,,true
DomainName,mdt.qq.com,2035-07-23T00:00:00Z,Block,Medium,LOLRMM - Tencent QQ,Network domain associated with Tencent QQ - listed by LOLRMM (Living Off the Land RMM) as a remote management or access tool.,Block connections to this domain and investigate any related activity.,,,,true
DomainName,merlot-agent-comms.centrastage.net,2035-07-23T00:00:00Z,Block,Medium,LOLRMM - Datto RMM / Autotask,Network domain associated with Datto RMM / Autotask - listed by LOLRMM (Living Off the Land RMM) as a remote management or access tool.,Block connections to this domain and investigate any related activity.,,,,true
DomainName,merlot-agent-notifications.centrastage.net,2035-07-23T00:00:00Z,Block,Medium,LOLRMM - Datto RMM / Autotask,Network domain associated with Datto RMM / Autotask - listed by LOLRMM (Living Off the Land RMM) as a remote management or access tool.,Block connections to this domain and investigate any related activity.,,,,true
DomainName,merlot-agent.centrastage.net,2035-07-23T00:00:00Z,Block,Medium,LOLRMM - Datto RMM / Autotask,Network domain associated with Datto RMM / Autotask - listed by LOLRMM (Living Off the Land RMM) as a remote management or access tool.,Block connections to this domain and investigate any related activity.,,,,true
DomainName,merlot-audit.centrastage.net,2035-07-23T00:00:00Z,Block,Medium,LOLRMM - Datto RMM / Autotask,Network domain associated with Datto RMM / Autotask - listed by LOLRMM (Living Off the Land RMM) as a remote management or access tool.,Block connections to this domain and investigate any related activity.,,,,true
DomainName,merlot-frontend-api.centrastage.net,2035-07-23T00:00:00Z,Block,Medium,LOLRMM - Datto RMM / Autotask,Network domain associated with Datto RMM / Autotask - listed by LOLRMM (Living Off the Land RMM) as a remote management or access tool.,Block connections to this domain and investigate any related activity.,,,,true
DomainName,merlot-ips.centrastage.net,2035-07-23T00:00:00Z,Block,Medium,LOLRMM - Datto RMM / Autotask,Network domain associated with Datto RMM / Autotask - listed by LOLRMM (Living Off the Land RMM) as a remote management or access tool.,Block connections to this domain and investigate any related activity.,,,,true
DomainName,merlot-monitoring.centrastage.net,2035-07-23T00:00:00Z,Block,Medium,LOLRMM - Datto RMM / Autotask,Network domain associated with Datto RMM / Autotask - listed by LOLRMM (Living Off the Land RMM) as a remote management or access tool.,Block connections to this domain and investigate any related activity.,,,,true
DomainName,merlot-realtime.centrastage.net,2035-07-23T00:00:00Z,Block,Medium,LOLRMM - Datto RMM / Autotask,Network domain associated with Datto RMM / Autotask - listed by LOLRMM (Living Off the Land RMM) as a remote management or access tool.,Block connections to this domain and investigate any related activity.,,,,true
DomainName,merlot.centrastage.net,2035-07-23T00:00:00Z,Block,Medium,LOLRMM - Datto RMM / Autotask,Network domain associated with Datto RMM / Autotask - listed by LOLRMM (Living Off the Land RMM) as a remote management or access tool.,Block connections to this domain and investigate any related activity.,,,,true
DomainName,merlot.rmm.datto.com,2035-07-23T00:00:00Z,Block,Medium,LOLRMM - Datto RMM / Autotask,Network domain associated with Datto RMM / Autotask - listed by LOLRMM (Living Off the Land RMM) as a remote management or access tool.,Block connections to this domain and investigate any related activity.,,,,true
DomainName,merlotrmm.centrastage.net,2035-07-23T00:00:00Z,Block,Medium,LOLRMM - Datto RMM / Autotask,Network domain associated with Datto RMM / Autotask - listed by LOLRMM (Living Off the Land RMM) as a remote management or access tool.,Block connections to this domain and investigate any related activity.,,,,true
DomainName,meshcentral.com,2035-07-23T00:00:00Z,Block,Medium,LOLRMM - MeshCentral,Network domain associated with MeshCentral - listed by LOLRMM (Living Off the Land RMM) as a remote management or access tool.,Block connections to this domain and investigate any related activity.,,,,true
DomainName,metaquest.com,2035-07-23T00:00:00Z,Block,Medium,LOLRMM - Vector / LANutil,Network domain associated with Vector / LANutil - listed by LOLRMM (Living Off the Land RMM) as a remote management or access tool.,Block connections to this domain and investigate any related activity.,,,,true
DomainName,microuptime.com,2035-07-23T00:00:00Z,Block,Medium,LOLRMM - SimpleHelp,Network domain associated with SimpleHelp - listed by LOLRMM (Living Off the Land RMM) as a remote management or access tool.,Block connections to this domain and investigate any related activity.,,,,true
DomainName,mikogo.com,2035-07-23T00:00:00Z,Block,Medium,LOLRMM - Mikogo / BeamYourScreen,Network domain associated with Mikogo / BeamYourScreen - listed by LOLRMM (Living Off the Land RMM) as a remote management or access tool.,Block connections to this domain and investigate any related activity.,,,,true
DomainName,mikogo4.com,2035-07-23T00:00:00Z,Block,Medium,LOLRMM - Mikogo / BeamYourScreen,Network domain associated with Mikogo / BeamYourScreen - listed by LOLRMM (Living Off the Land RMM) as a remote management or access tool.,Block connections to this domain and investigate any related activity.,,,,true
DomainName,miradore.com,2035-07-23T00:00:00Z,Block,Medium,LOLRMM - Miradore,Network domain associated with Miradore - listed by LOLRMM (Living Off the Land RMM) as a remote management or access tool.,Block connections to this domain and investigate any related activity.,,,,true
DomainName,monitic.com,2035-07-23T00:00:00Z,Block,Medium,LOLRMM - Monitic,Network domain associated with Monitic - listed by LOLRMM (Living Off the Land RMM) as a remote management or access tool.,Block connections to this domain and investigate any related activity.,,,,true
DomainName,mremoteng.org,2035-07-23T00:00:00Z,Block,Medium,LOLRMM - mRemoteNG,Network domain associated with mRemoteNG - listed by LOLRMM (Living Off the Land RMM) as a remote management or access tool.,Block connections to this domain and investigate any related activity.,,,,true
DomainName,msp360.com,2035-07-23T00:00:00Z,Block,Medium,LOLRMM - MSP360 / CloudBerry Backup,Vendor-wide network domain associated with MSP360 / CloudBerry Backup - listed by LOLRMM (Living Off the Land RMM) as a remote management or access tool.,Block connections to this domain and investigate any related activity.,,,,true
DomainName,mspbackups.com,2035-07-23T00:00:00Z,Block,Medium,LOLRMM - MSP360 / CloudBerry Backup,Vendor-wide network domain associated with MSP360 / CloudBerry Backup - listed by LOLRMM (Living Off the Land RMM) as a remote management or access tool.,Block connections to this domain and investigate any related activity.,,,,true
DomainName,my.auvik.com,2035-07-23T00:00:00Z,Block,Medium,LOLRMM - Auvik,Network domain associated with Auvik - listed by LOLRMM (Living Off the Land RMM) as a remote management or access tool.,Block connections to this domain and investigate any related activity.,,,,true
DomainName,my.splashtop.com,2035-07-23T00:00:00Z,Block,Medium,LOLRMM - TiFlux,Network domain associated with TiFlux - listed by LOLRMM (Living Off the Land RMM) as a remote management or access tool.,Block connections to this domain and investigate any related activity.,,,,true
DomainName,mygreenpc.com,2035-07-23T00:00:00Z,Block,Medium,LOLRMM - myGreenPC,Network domain associated with myGreenPC - listed by LOLRMM (Living Off the Land RMM) as a remote management or access tool.,Block connections to this domain and investigate any related activity.,,,,true
DomainName,mymeetinggoogle.com,2035-07-23T00:00:00Z,Block,Medium,LOLRMM - Lunixar,Network domain associated with Lunixar - listed by LOLRMM (Living Off the Land RMM) as a remote management or access tool.,Block connections to this domain and investigate any related activity.,,,,true
DomainName,naverisk.com,2035-07-23T00:00:00Z,Block,Medium,LOLRMM - Naverisk,Network domain associated with Naverisk - listed by LOLRMM (Living Off the Land RMM) as a remote management or access tool.,Block connections to this domain and investigate any related activity.,,,,true
DomainName,nchuser.com,2035-07-23T00:00:00Z,Block,Medium,LOLRMM - DesktopNow,Network domain associated with DesktopNow - listed by LOLRMM (Living Off the Land RMM) as a remote management or access tool.,Block connections to this domain and investigate any related activity.,,,,true
DomainName,net.anydesk.com,2035-07-23T00:00:00Z,Block,Medium,LOLRMM - AnyDesk,Network domain associated with AnyDesk - listed by LOLRMM (Living Off the Land RMM) as a remote management or access tool.,Block connections to this domain and investigate any related activity.,,,,true
DomainName,netop.com,2035-07-23T00:00:00Z,Block,Medium,LOLRMM - Netop Remote Control,Network domain associated with Netop Remote Control - listed by LOLRMM (Living Off the Land RMM) as a remote management or access tool.,Block connections to this domain and investigate any related activity.,,,,true
DomainName,netsupportmanager.com,2035-07-23T00:00:00Z,Block,Medium,LOLRMM - NetSupport Manager,Network domain associated with NetSupport Manager - listed by LOLRMM (Living Off the Land RMM) as a remote management or access tool.,Block connections to this domain and investigate any related activity.,,,,true
DomainName,neturo.uplus.co.kr,2035-07-23T00:00:00Z,Block,Medium,LOLRMM - Neturo,Network domain associated with Neturo - listed by LOLRMM (Living Off the Land RMM) as a remote management or access tool.,Block connections to this domain and investigate any related activity.,,,,true
DomainName,netviewer.com,2035-07-23T00:00:00Z,Block,Medium,LOLRMM - Netviewer,Network domain associated with Netviewer - listed by LOLRMM (Living Off the Land RMM) as a remote management or access tool.,Block connections to this domain and investigate any related activity.,,,,true
DomainName,networkservice.cyou,2035-07-23T00:00:00Z,Block,Medium,LOLRMM - TrustConnect,Network domain associated with TrustConnect - listed by LOLRMM (Living Off the Land RMM) as a remote management or access tool.,Block connections to this domain and investigate any related activity.,,,,true
DomainName,nezha.wiki,2035-07-23T00:00:00Z,Block,Medium,LOLRMM - Nezha,Network domain associated with Nezha - listed by LOLRMM (Living Off the Land RMM) as a remote management or access tool.,Block connections to this domain and investigate any related activity.,,,,true
DomainName,ngrok-free.app,2035-07-23T00:00:00Z,Block,Medium,LOLRMM - ngrok,Network domain associated with ngrok - listed by LOLRMM (Living Off the Land RMM) as a remote management or access tool.,Block connections to this domain and investigate any related activity.,,,,true
DomainName,ngrok.app,2035-07-23T00:00:00Z,Block,Medium,LOLRMM - ngrok,Network domain associated with ngrok - listed by LOLRMM (Living Off the Land RMM) as a remote management or access tool.,Block connections to this domain and investigate any related activity.,,,,true
DomainName,ngrok.dev,2035-07-23T00:00:00Z,Block,Medium,LOLRMM - ngrok,Network domain associated with ngrok - listed by LOLRMM (Living Off the Land RMM) as a remote management or access tool.,Block connections to this domain and investigate any related activity.,,,,true
DomainName,ngrok.io,2035-07-23T00:00:00Z,Block,Medium,LOLRMM - ngrok,Network domain associated with ngrok - listed by LOLRMM (Living Off the Land RMM) as a remote management or access tool.,Block connections to this domain and investigate any related activity.,,,,true
DomainName,ngrok.pizza,2035-07-23T00:00:00Z,Block,Medium,LOLRMM - ngrok,Network domain associated with ngrok - listed by LOLRMM (Living Off the Land RMM) as a remote management or access tool.,Block connections to this domain and investigate any related activity.,,,,true
DomainName,ngrok.pro,2035-07-23T00:00:00Z,Block,Medium,LOLRMM - ngrok,Network domain associated with ngrok - listed by LOLRMM (Living Off the Land RMM) as a remote management or access tool.,Block connections to this domain and investigate any related activity.,,,,true
DomainName,ninjaone.com,2035-07-23T00:00:00Z,Block,Medium,LOLRMM - NinjaOne / NinjaRMM,Network domain associated with NinjaOne / NinjaRMM - listed by LOLRMM (Living Off the Land RMM) as a remote management or access tool.,Block connections to this domain and investigate any related activity.,,,,true
DomainName,ninjarmm.com,2035-07-23T00:00:00Z,Block,Medium,LOLRMM - NinjaOne / NinjaRMM,Network domain associated with NinjaOne / NinjaRMM - listed by LOLRMM (Living Off the Land RMM) as a remote management or access tool.,Block connections to this domain and investigate any related activity.,,,,true
DomainName,ninjarmm.net,2035-07-23T00:00:00Z,Block,Medium,LOLRMM - NinjaOne / NinjaRMM,Network domain associated with NinjaOne / NinjaRMM - listed by LOLRMM (Living Off the Land RMM) as a remote management or access tool.,Block connections to this domain and investigate any related activity.,,,,true
DomainName,nomachine.com,2035-07-23T00:00:00Z,Block,Medium,LOLRMM - NoMachine,Network domain associated with NoMachine - listed by LOLRMM (Living Off the Land RMM) as a remote management or access tool.,Block connections to this domain and investigate any related activity.,,,,true
DomainName,ntrsupport.com,2035-07-23T00:00:00Z,Block,Medium,LOLRMM - NTRsupport,Network domain associated with NTRsupport - listed by LOLRMM (Living Off the Land RMM) as a remote management or access tool.,Block connections to this domain and investigate any related activity.,,,,true
DomainName,ocsinventory-ng.org,2035-07-23T00:00:00Z,Block,Medium,LOLRMM - OCS Inventory,Network domain associated with OCS Inventory - listed by LOLRMM (Living Off the Land RMM) as a remote management or access tool.,Block connections to this domain and investigate any related activity.,,,,true
DomainName,one.comodo.com,2035-07-23T00:00:00Z,Block,Medium,LOLRMM - ITarian / Comodo,Network domain associated with ITarian / Comodo - listed by LOLRMM (Living Off the Land RMM) as a remote management or access tool.,Block connections to this domain and investigate any related activity.,,,,true
DomainName,online.level.io,2035-07-23T00:00:00Z,Block,Medium,LOLRMM - Level,Network domain associated with Level - listed by LOLRMM (Living Off the Land RMM) as a remote management or access tool.,Block connections to this domain and investigate any related activity.,,,,true
DomainName,opsbridge.digital,2035-07-23T00:00:00Z,Block,Medium,LOLRMM - OpsBridge,Network domain associated with OpsBridge - listed by LOLRMM (Living Off the Land RMM) as a remote management or access tool.,Block connections to this domain and investigate any related activity.,,,,true
DomainName,opti-tune.com,2035-07-23T00:00:00Z,Block,Medium,LOLRMM - OptiTune,Network domain associated with OptiTune - listed by LOLRMM (Living Off the Land RMM) as a remote management or access tool.,Block connections to this domain and investigate any related activity.,,,,true
DomainName,optitune.us,2035-07-23T00:00:00Z,Block,Medium,LOLRMM - OptiTune,Network domain associated with OptiTune - listed by LOLRMM (Living Off the Land RMM) as a remote management or access tool.,Block connections to this domain and investigate any related activity.,,,,true
DomainName,packagesstore.blob.core.windows.net,2035-07-23T00:00:00Z,Block,Medium,LOLRMM - Atera,Network domain associated with Atera - listed by LOLRMM (Living Off the Land RMM) as a remote management or access tool.,Block connections to this domain and investigate any related activity.,,,,true
DomainName,panorama9.com,2035-07-23T00:00:00Z,Block,Medium,LOLRMM - Panorama9,Network domain associated with Panorama9 - listed by LOLRMM (Living Off the Land RMM) as a remote management or access tool.,Block connections to this domain and investigate any related activity.,,,,true
DomainName,parallels.com,2035-07-23T00:00:00Z,Block,Medium,LOLRMM - Parallels Access,Vendor-wide network domain associated with Parallels Access - listed by LOLRMM (Living Off the Land RMM) as a remote management or access tool.,Block connections to this domain and investigate any related activity.,,,,true
DomainName,parsec.app,2035-07-23T00:00:00Z,Block,Medium,LOLRMM - Parsec,Network domain associated with Parsec - listed by LOLRMM (Living Off the Land RMM) as a remote management or access tool.,Block connections to this domain and investigate any related activity.,,,,true
DomainName,parsec.gg,2035-07-23T00:00:00Z,Block,Medium,LOLRMM - Parsec,Network domain associated with Parsec - listed by LOLRMM (Living Off the Land RMM) as a remote management or access tool.,Block connections to this domain and investigate any related activity.,,,,true
DomainName,pcvisit.de,2035-07-23T00:00:00Z,Block,Medium,LOLRMM - pcvisit,Network domain associated with pcvisit - listed by LOLRMM (Living Off the Land RMM) as a remote management or access tool.,Block connections to this domain and investigate any related activity.,,,,true
DomainName,pilixo.com,2035-07-23T00:00:00Z,Block,Medium,LOLRMM - Pilixo,Network domain associated with Pilixo - listed by LOLRMM (Living Off the Land RMM) as a remote management or access tool.,Block connections to this domain and investigate any related activity.,,,,true
DomainName,pinot-frontend-api.centrastage.net,2035-07-23T00:00:00Z,Block,Medium,LOLRMM - Datto RMM / Autotask,Network domain associated with Datto RMM / Autotask - listed by LOLRMM (Living Off the Land RMM) as a remote management or access tool.,Block connections to this domain and investigate any related activity.,,,,true
DomainName,pinotage-agent-comms.centrastage.net,2035-07-23T00:00:00Z,Block,Medium,LOLRMM - Datto RMM / Autotask,Network domain associated with Datto RMM / Autotask - listed by LOLRMM (Living Off the Land RMM) as a remote management or access tool.,Block connections to this domain and investigate any related activity.,,,,true
DomainName,pinotage-agent-notifications.centrastage.net,2035-07-23T00:00:00Z,Block,Medium,LOLRMM - Datto RMM / Autotask,Network domain associated with Datto RMM / Autotask - listed by LOLRMM (Living Off the Land RMM) as a remote management or access tool.,Block connections to this domain and investigate any related activity.,,,,true
DomainName,pinotage-agent.centrastage.net,2035-07-23T00:00:00Z,Block,Medium,LOLRMM - Datto RMM / Autotask,Network domain associated with Datto RMM / Autotask - listed by LOLRMM (Living Off the Land RMM) as a remote management or access tool.,Block connections to this domain and investigate any related activity.,,,,true
DomainName,pinotage-audit.centrastage.net,2035-07-23T00:00:00Z,Block,Medium,LOLRMM - Datto RMM / Autotask,Network domain associated with Datto RMM / Autotask - listed by LOLRMM (Living Off the Land RMM) as a remote management or access tool.,Block connections to this domain and investigate any related activity.,,,,true
DomainName,pinotage-frontend-api.centrastage.net,2035-07-23T00:00:00Z,Block,Medium,LOLRMM - Datto RMM / Autotask,Network domain associated with Datto RMM / Autotask - listed by LOLRMM (Living Off the Land RMM) as a remote management or access tool.,Block connections to this domain and investigate any related activity.,,,,true
DomainName,pinotage-ips.centrastage.net,2035-07-23T00:00:00Z,Block,Medium,LOLRMM - Datto RMM / Autotask,Network domain associated with Datto RMM / Autotask - listed by LOLRMM (Living Off the Land RMM) as a remote management or access tool.,Block connections to this domain and investigate any related activity.,,,,true
DomainName,pinotage-monitoring.centrastage.net,2035-07-23T00:00:00Z,Block,Medium,LOLRMM - Datto RMM / Autotask,Network domain associated with Datto RMM / Autotask - listed by LOLRMM (Living Off the Land RMM) as a remote management or access tool.,Block connections to this domain and investigate any related activity.,,,,true
DomainName,pinotage-realtime.centrastage.net,2035-07-23T00:00:00Z,Block,Medium,LOLRMM - Datto RMM / Autotask,Network domain associated with Datto RMM / Autotask - listed by LOLRMM (Living Off the Land RMM) as a remote management or access tool.,Block connections to this domain and investigate any related activity.,,,,true
DomainName,pinotage.centrastage.net,2035-07-23T00:00:00Z,Block,Medium,LOLRMM - Datto RMM / Autotask,Network domain associated with Datto RMM / Autotask - listed by LOLRMM (Living Off the Land RMM) as a remote management or access tool.,Block connections to this domain and investigate any related activity.,,,,true
DomainName,pinotage.rmm.datto.com,2035-07-23T00:00:00Z,Block,Medium,LOLRMM - Datto RMM / Autotask,Network domain associated with Datto RMM / Autotask - listed by LOLRMM (Living Off the Land RMM) as a remote management or access tool.,Block connections to this domain and investigate any related activity.,,,,true
DomainName,pinotagermm.centrastage.net,2035-07-23T00:00:00Z,Block,Medium,LOLRMM - Datto RMM / Autotask,Network domain associated with Datto RMM / Autotask - listed by LOLRMM (Living Off the Land RMM) as a remote management or access tool.,Block connections to this domain and investigate any related activity.,,,,true
DomainName,portal.ehorus.com,2035-07-23T00:00:00Z,Block,Medium,LOLRMM - eHorus / Pandora RC,Network domain associated with eHorus / Pandora RC - listed by LOLRMM (Living Off the Land RMM) as a remote management or access tool.,Block connections to this domain and investigate any related activity.,,,,true
DomainName,prd.cdo.system-monitor.com,2035-07-23T00:00:00Z,Block,Medium,LOLRMM - N-able / SolarWinds,Network domain associated with N-able / SolarWinds - listed by LOLRMM (Living Off the Land RMM) as a remote management or access tool.,Block connections to this domain and investigate any related activity.,,,,true
DomainName,ps.atera.com,2035-07-23T00:00:00Z,Block,Medium,LOLRMM - Atera,Network domain associated with Atera - listed by LOLRMM (Living Off the Land RMM) as a remote management or access tool.,Block connections to this domain and investigate any related activity.,,,,true
DomainName,public.rmm.pod1.usw.gorelo.tech,2035-07-23T00:00:00Z,Block,Medium,LOLRMM - Gorelo,Network domain associated with Gorelo - listed by LOLRMM (Living Off the Land RMM) as a remote management or access tool.,Block connections to this domain and investigate any related activity.,,,,true
DomainName,pubsub.atera.com,2035-07-23T00:00:00Z,Block,Medium,LOLRMM - Atera,Network domain associated with Atera - listed by LOLRMM (Living Off the Land RMM) as a remote management or access tool.,Block connections to this domain and investigate any related activity.,,,,true
DomainName,pulseway.com,2035-07-23T00:00:00Z,Block,Medium,LOLRMM - Pulseway,Network domain associated with Pulseway - listed by LOLRMM (Living Off the Land RMM) as a remote management or access tool.,Block connections to this domain and investigate any related activity.,,,,true
DomainName,qq-messenger.en.softonic.com,2035-07-23T00:00:00Z,Block,Medium,LOLRMM - Tencent QQ,Network domain associated with Tencent QQ - listed by LOLRMM (Living Off the Land RMM) as a remote management or access tool.,Block connections to this domain and investigate any related activity.,,,,true
DomainName,quic.cftunnel.com,2035-07-23T00:00:00Z,Block,Medium,LOLRMM - Cloudflare Tunnel,Network domain associated with Cloudflare Tunnel - listed by LOLRMM (Living Off the Land RMM) as a remote management or access tool.,Block connections to this domain and investigate any related activity.,,,,true
DomainName,r1.rmm.uw.gorelo.tech,2035-07-23T00:00:00Z,Block,Medium,LOLRMM - Gorelo,Network domain associated with Gorelo - listed by LOLRMM (Living Off the Land RMM) as a remote management or access tool.,Block connections to this domain and investigate any related activity.,,,,true
DomainName,radmin.com,2035-07-23T00:00:00Z,Block,Medium,LOLRMM - Radmin,Network domain associated with Radmin - listed by LOLRMM (Living Off the Land RMM) as a remote management or access tool.,Block connections to this domain and investigate any related activity.,,,,true
DomainName,real-time-collaboration.com,2035-07-23T00:00:00Z,Block,Medium,LOLRMM - Mikogo / BeamYourScreen,Network domain associated with Mikogo / BeamYourScreen - listed by LOLRMM (Living Off the Land RMM) as a remote management or access tool.,Block connections to this domain and investigate any related activity.,,,,true
DomainName,region1.v2.argotunnel.com,2035-07-23T00:00:00Z,Block,Medium,LOLRMM - Cloudflare Tunnel,Network domain associated with Cloudflare Tunnel - listed by LOLRMM (Living Off the Land RMM) as a remote management or access tool.,Block connections to this domain and investigate any related activity.,,,,true
DomainName,region2.v2.argotunnel.com,2035-07-23T00:00:00Z,Block,Medium,LOLRMM - Cloudflare Tunnel,Network domain associated with Cloudflare Tunnel - listed by LOLRMM (Living Off the Land RMM) as a remote management or access tool.,Block connections to this domain and investigate any related activity.,,,,true
DomainName,relay.splashtop.com,2035-07-23T00:00:00Z,Block,Medium,LOLRMM - Splashtop,Network domain associated with Splashtop - listed by LOLRMM (Living Off the Land RMM) as a remote management or access tool.,Block connections to this domain and investigate any related activity.,,,,true
DomainName,releases.invgate.com,2035-07-23T00:00:00Z,Block,Medium,LOLRMM - InvGate,Network domain associated with InvGate - listed by LOLRMM (Living Off the Land RMM) as a remote management or access tool.,Block connections to this domain and investigate any related activity.,,,,true
DomainName,releases.n-able.com,2035-07-23T00:00:00Z,Block,Medium,LOLRMM - N-able / SolarWinds,Network domain associated with N-able / SolarWinds - listed by LOLRMM (Living Off the Land RMM) as a remote management or access tool.,Block connections to this domain and investigate any related activity.,,,,true
DomainName,remmon.hu,2035-07-23T00:00:00Z,Block,Medium,LOLRMM - RemMon,Network domain associated with RemMon - listed by LOLRMM (Living Off the Land RMM) as a remote management or access tool.,Block connections to this domain and investigate any related activity.,,,,true
DomainName,remobo.en.softonic.com,2035-07-23T00:00:00Z,Block,Medium,LOLRMM - Remobo,Network domain associated with Remobo - listed by LOLRMM (Living Off the Land RMM) as a remote management or access tool.,Block connections to this domain and investigate any related activity.,,,,true
DomainName,remote.it,2035-07-23T00:00:00Z,Block,Medium,LOLRMM - remote.it,Network domain associated with remote.it - listed by LOLRMM (Living Off the Land RMM) as a remote management or access tool.,Block connections to this domain and investigate any related activity.,,,,true
DomainName,remote.management,2035-07-23T00:00:00Z,Block,Medium,LOLRMM - N-able / SolarWinds,Network domain associated with N-able / SolarWinds - listed by LOLRMM (Living Off the Land RMM) as a remote management or access tool.,Block connections to this domain and investigate any related activity.,,,,true
DomainName,remoteaccess.itarian.com,2035-07-23T00:00:00Z,Block,Medium,LOLRMM - ITarian / Comodo,Network domain associated with ITarian / Comodo - listed by LOLRMM (Living Off the Land RMM) as a remote management or access tool.,Block connections to this domain and investigate any related activity.,,,,true
DomainName,remotecall.com,2035-07-23T00:00:00Z,Block,Medium,LOLRMM - Rsupport RemoteView / RemoteCall,Network domain associated with Rsupport RemoteView / RemoteCall - listed by LOLRMM (Living Off the Land RMM) as a remote management or access tool.,Block connections to this domain and investigate any related activity.,,,,true
DomainName,remotedesktop-pa.googleapis.com,2035-07-23T00:00:00Z,Block,Medium,LOLRMM - Chrome Remote Desktop,Network domain associated with Chrome Remote Desktop - listed by LOLRMM (Living Off the Land RMM) as a remote management or access tool.,Block connections to this domain and investigate any related activity.,,,,true
DomainName,remotedesktop.com,2035-07-23T00:00:00Z,Block,Medium,LOLRMM - RemotePC,Network domain associated with RemotePC - listed by LOLRMM (Living Off the Land RMM) as a remote management or access tool.,Block connections to this domain and investigate any related activity.,,,,true
DomainName,remotedesktop.google.com,2035-07-23T00:00:00Z,Block,Medium,LOLRMM - Chrome Remote Desktop,Network domain associated with Chrome Remote Desktop - listed by LOLRMM (Living Off the Land RMM) as a remote management or access tool.,Block connections to this domain and investigate any related activity.,,,,true
DomainName,remotepass.com,2035-07-23T00:00:00Z,Block,Medium,LOLRMM - RemotePass,Network domain associated with RemotePass - listed by LOLRMM (Living Off the Land RMM) as a remote management or access tool.,Block connections to this domain and investigate any related activity.,,,,true
DomainName,remotepc.com,2035-07-23T00:00:00Z,Block,Medium,LOLRMM - RemotePC,Network domain associated with RemotePC - listed by LOLRMM (Living Off the Land RMM) as a remote management or access tool.,Block connections to this domain and investigate any related activity.,,,,true
DomainName,remoteutilities.com,2035-07-23T00:00:00Z,Block,Medium,LOLRMM - Remote Utilities,Network domain associated with Remote Utilities - listed by LOLRMM (Living Off the Land RMM) as a remote management or access tool.,Block connections to this domain and investigate any related activity.,,,,true
DomainName,repairshopr.com,2035-07-23T00:00:00Z,Block,Medium,LOLRMM - Syncro,Network domain associated with Syncro - listed by LOLRMM (Living Off the Land RMM) as a remote management or access tool.,Block connections to this domain and investigate any related activity.,,,,true
DomainName,rescue-data-cetner.logmein-gateway.com,2035-07-23T00:00:00Z,Block,Medium,LOLRMM - LogMeIn / GoToMyPC / Rescue,Network domain associated with LogMeIn / GoToMyPC / Rescue - listed by LOLRMM (Living Off the Land RMM) as a remote management or access tool.,Block connections to this domain and investigate any related activity.,,,,true
DomainName,resources.ninjarmm.com,2035-07-23T00:00:00Z,Block,Medium,LOLRMM - NinjaOne / NinjaRMM,Network domain associated with NinjaOne / NinjaRMM - listed by LOLRMM (Living Off the Land RMM) as a remote management or access tool.,Block connections to this domain and investigate any related activity.,,,,true
DomainName,rism.pages.dev,2035-07-23T00:00:00Z,Block,Medium,LOLRMM - Nezha,Network domain associated with Nezha - listed by LOLRMM (Living Off the Land RMM) as a remote management or access tool.,Block connections to this domain and investigate any related activity.,,,,true
DomainName,rmansys.ru,2035-07-23T00:00:00Z,Block,Medium,LOLRMM - Remote Utilities,Network domain associated with Remote Utilities - listed by LOLRMM (Living Off the Land RMM) as a remote management or access tool.,Block connections to this domain and investigate any related activity.,,,,true
DomainName,rmm.datto.com,2035-07-23T00:00:00Z,Block,Medium,LOLRMM - Datto RMM / Autotask,Network domain associated with Datto RMM / Autotask - listed by LOLRMM (Living Off the Land RMM) as a remote management or access tool.,Block connections to this domain and investigate any related activity.,,,,true
DomainName,rmmservice.ca,2035-07-23T00:00:00Z,Block,Medium,LOLRMM - NinjaOne / NinjaRMM,Network domain associated with NinjaOne / NinjaRMM - listed by LOLRMM (Living Off the Land RMM) as a remote management or access tool.,Block connections to this domain and investigate any related activity.,,,,true
DomainName,rmmservice.com.au,2035-07-23T00:00:00Z,Block,Medium,LOLRMM - NinjaOne / NinjaRMM,Network domain associated with NinjaOne / NinjaRMM - listed by LOLRMM (Living Off the Land RMM) as a remote management or access tool.,Block connections to this domain and investigate any related activity.,,,,true
DomainName,rmmservice.eu,2035-07-23T00:00:00Z,Block,Medium,LOLRMM - NinjaOne / NinjaRMM,Network domain associated with NinjaOne / NinjaRMM - listed by LOLRMM (Living Off the Land RMM) as a remote management or access tool.,Block connections to this domain and investigate any related activity.,,,,true
DomainName,rodex.cc,2035-07-23T00:00:00Z,Block,Medium,LOLRMM - Rodex,Network domain associated with Rodex - listed by LOLRMM (Living Off the Land RMM) as a remote management or access tool.,Block connections to this domain and investigate any related activity.,,,,true
DomainName,router15.teamviewer.com,2035-07-23T00:00:00Z,Block,Medium,LOLRMM - TeamViewer,Network domain associated with TeamViewer - listed by LOLRMM (Living Off the Land RMM) as a remote management or access tool.,Block connections to this domain and investigate any related activity.,,,,true
DomainName,royalapps.com,2035-07-23T00:00:00Z,Block,Medium,LOLRMM - Royal TS / Royal Server,Network domain associated with Royal TS / Royal Server - listed by LOLRMM (Living Off the Land RMM) as a remote management or access tool.,Block connections to this domain and investigate any related activity.,,,,true
DomainName,rport.io,2035-07-23T00:00:00Z,Block,Medium,LOLRMM - RPort,Network domain associated with RPort - listed by LOLRMM (Living Off the Land RMM) as a remote management or access tool.,Block connections to this domain and investigate any related activity.,,,,true
DomainName,rs-ny.rustdesk.com,2035-07-23T00:00:00Z,Block,Medium,LOLRMM - RustDesk,Network domain associated with RustDesk - listed by LOLRMM (Living Off the Land RMM) as a remote management or access tool.,Block connections to this domain and investigate any related activity.,,,,true
DomainName,rtschannel.com,2035-07-23T00:00:00Z,Block,Medium,LOLRMM - Freshservice,Network domain associated with Freshservice - listed by LOLRMM (Living Off the Land RMM) as a remote management or access tool.,Block connections to this domain and investigate any related activity.,,,,true
DomainName,rudesktop.ru,2035-07-23T00:00:00Z,Block,Medium,LOLRMM - RuDesktop / RMS,Network domain associated with RuDesktop / RMS - listed by LOLRMM (Living Off the Land RMM) as a remote management or access tool.,Block connections to this domain and investigate any related activity.,,,,true
DomainName,rustdesk.com,2035-07-23T00:00:00Z,Block,Medium,LOLRMM - RustDesk,Network domain associated with RustDesk - listed by LOLRMM (Living Off the Land RMM) as a remote management or access tool.,Block connections to this domain and investigate any related activity.,,,,true
DomainName,rview.com,2035-07-23T00:00:00Z,Block,Medium,LOLRMM - Rsupport RemoteView / RemoteCall,Network domain associated with Rsupport RemoteView / RemoteCall - listed by LOLRMM (Living Off the Land RMM) as a remote management or access tool.,Block connections to this domain and investigate any related activity.,,,,true
DomainName,screenconnect.com,2035-07-23T00:00:00Z,Block,Medium,LOLRMM - ConnectWise Control / ScreenConnect,Network domain associated with ConnectWise Control / ScreenConnect - listed by LOLRMM (Living Off the Land RMM) as a remote management or access tool.,Block connections to this domain and investigate any related activity.,,,,true
DomainName,screenmeet.com,2035-07-23T00:00:00Z,Block,Medium,LOLRMM - ScreenMeet,Network domain associated with ScreenMeet - listed by LOLRMM (Living Off the Land RMM) as a remote management or access tool.,Block connections to this domain and investigate any related activity.,,,,true
DomainName,scrn.mt,2035-07-23T00:00:00Z,Block,Medium,LOLRMM - ScreenMeet,Network domain associated with ScreenMeet - listed by LOLRMM (Living Off the Land RMM) as a remote management or access tool.,Block connections to this domain and investigate any related activity.,,,,true
DomainName,search.namequery.com,2035-07-23T00:00:00Z,Block,Medium,LOLRMM - Absolute / Computrace,Vendor-wide network domain associated with Absolute / Computrace - listed by LOLRMM (Living Off the Land RMM) as a remote management or access tool.,Block connections to this domain and investigate any related activity.,,,,true
DomainName,secure.instanthousecall.com,2035-07-23T00:00:00Z,Block,Medium,LOLRMM - Instant Housecall,Network domain associated with Instant Housecall - listed by LOLRMM (Living Off the Land RMM) as a remote management or access tool.,Block connections to this domain and investigate any related activity.,,,,true
DomainName,seetrol.co.kr,2035-07-23T00:00:00Z,Block,Medium,LOLRMM - Seetrol,Network domain associated with Seetrol - listed by LOLRMM (Living Off the Land RMM) as a remote management or access tool.,Block connections to this domain and investigate any related activity.,,,,true
DomainName,senso.cloud,2035-07-23T00:00:00Z,Block,Medium,LOLRMM - Senso,Network domain associated with Senso - listed by LOLRMM (Living Off the Land RMM) as a remote management or access tool.,Block connections to this domain and investigate any related activity.,,,,true
DomainName,serv.superopsalpha.com,2035-07-23T00:00:00Z,Block,Medium,LOLRMM - SuperOps,Network domain associated with SuperOps - listed by LOLRMM (Living Off the Land RMM) as a remote management or access tool.,Block connections to this domain and investigate any related activity.,,,,true
DomainName,servably.com,2035-07-23T00:00:00Z,Block,Medium,LOLRMM - Syncro,Network domain associated with Syncro - listed by LOLRMM (Living Off the Land RMM) as a remote management or access tool.,Block connections to this domain and investigate any related activity.,,,,true
DomainName,server-eye.de,2035-07-23T00:00:00Z,Block,Medium,LOLRMM - Server-Eye,Network domain associated with Server-Eye - listed by LOLRMM (Living Off the Land RMM) as a remote management or access tool.,Block connections to this domain and investigate any related activity.,,,,true
DomainName,server.absolute.com,2035-07-23T00:00:00Z,Block,Medium,LOLRMM - Absolute / Computrace,Vendor-wide network domain associated with Absolute / Computrace - listed by LOLRMM (Living Off the Land RMM) as a remote management or access tool.,Block connections to this domain and investigate any related activity.,,,,true
DomainName,servicedesk.itarian.com,2035-07-23T00:00:00Z,Block,Medium,LOLRMM - ITarian / Comodo,Network domain associated with ITarian / Comodo - listed by LOLRMM (Living Off the Land RMM) as a remote management or access tool.,Block connections to this domain and investigate any related activity.,,,,true
DomainName,set.me,2035-07-23T00:00:00Z,Block,Medium,LOLRMM - SetMe,Network domain associated with SetMe - listed by LOLRMM (Living Off the Land RMM) as a remote management or access tool.,Block connections to this domain and investigate any related activity.,,,,true
DomainName,showmypc.com,2035-07-23T00:00:00Z,Block,Medium,LOLRMM - ShowMyPC,Network domain associated with ShowMyPC - listed by LOLRMM (Living Off the Land RMM) as a remote management or access tool.,Block connections to this domain and investigate any related activity.,,,,true
DomainName,signal.hoptodesk.com,2035-07-23T00:00:00Z,Block,Medium,LOLRMM - HopToDesk,Network domain associated with HopToDesk - listed by LOLRMM (Living Off the Land RMM) as a remote management or access tool.,Block connections to this domain and investigate any related activity.,,,,true
DomainName,signalserver.xyz,2035-07-23T00:00:00Z,Block,Medium,LOLRMM - Distant Desktop,Network domain associated with Distant Desktop - listed by LOLRMM (Living Off the Land RMM) as a remote management or access tool.,Block connections to this domain and investigate any related activity.,,,,true
DomainName,simple-help.com,2035-07-23T00:00:00Z,Block,Medium,LOLRMM - SimpleHelp,Network domain associated with SimpleHelp - listed by LOLRMM (Living Off the Land RMM) as a remote management or access tool.,Block connections to this domain and investigate any related activity.,,,,true
DomainName,sis.n-able.com,2035-07-23T00:00:00Z,Block,Medium,LOLRMM - N-able / SolarWinds,Network domain associated with N-able / SolarWinds - listed by LOLRMM (Living Off the Land RMM) as a remote management or access tool.,Block connections to this domain and investigate any related activity.,,,,true
DomainName,site24x7.cn,2035-07-23T00:00:00Z,Block,Medium,LOLRMM - Site24x7,Vendor-wide network domain associated with Site24x7 - listed by LOLRMM (Living Off the Land RMM) as a remote management or access tool.,Block connections to this domain and investigate any related activity.,,,,true
DomainName,site24x7.com,2035-07-23T00:00:00Z,Block,Medium,LOLRMM - Site24x7,Vendor-wide network domain associated with Site24x7 - listed by LOLRMM (Living Off the Land RMM) as a remote management or access tool.,Block connections to this domain and investigate any related activity.,,,,true
DomainName,site24x7.eu,2035-07-23T00:00:00Z,Block,Medium,LOLRMM - Site24x7,Vendor-wide network domain associated with Site24x7 - listed by LOLRMM (Living Off the Land RMM) as a remote management or access tool.,Block connections to this domain and investigate any related activity.,,,,true
DomainName,site24x7.in,2035-07-23T00:00:00Z,Block,Medium,LOLRMM - Site24x7,Vendor-wide network domain associated with Site24x7 - listed by LOLRMM (Living Off the Land RMM) as a remote management or access tool.,Block connections to this domain and investigate any related activity.,,,,true
DomainName,site24x7.net.au,2035-07-23T00:00:00Z,Block,Medium,LOLRMM - Site24x7,Vendor-wide network domain associated with Site24x7 - listed by LOLRMM (Living Off the Land RMM) as a remote management or access tool.,Block connections to this domain and investigate any related activity.,,,,true
DomainName,skyfex.com,2035-07-23T00:00:00Z,Block,Medium,LOLRMM - SkyFex,Network domain associated with SkyFex - listed by LOLRMM (Living Off the Land RMM) as a remote management or access tool.,Block connections to this domain and investigate any related activity.,,,,true
DomainName,socket.lunixar.com,2035-07-23T00:00:00Z,Block,Medium,LOLRMM - Lunixar,Network domain associated with Lunixar - listed by LOLRMM (Living Off the Land RMM) as a remote management or access tool.,Block connections to this domain and investigate any related activity.,,,,true
DomainName,softbymade.top,2035-07-23T00:00:00Z,Block,Medium,LOLRMM - RMMCRAT,Network domain associated with RMMCRAT - listed by LOLRMM (Living Off the Land RMM) as a remote management or access tool.,Block connections to this domain and investigate any related activity.,,,,true
DomainName,sorillus.com,2035-07-23T00:00:00Z,Block,Medium,LOLRMM - Sorillus,Network domain associated with Sorillus - listed by LOLRMM (Living Off the Land RMM) as a remote management or access tool.,Block connections to this domain and investigate any related activity.,,,,true
DomainName,soti.net,2035-07-23T00:00:00Z,Block,Medium,LOLRMM - Pocket Controller,Vendor-wide network domain associated with Pocket Controller - listed by LOLRMM (Living Off the Land RMM) as a remote management or access tool.,Block connections to this domain and investigate any related activity.,,,,true
DomainName,splashtop.com,2035-07-23T00:00:00Z,Block,Medium,LOLRMM - Splashtop,Network domain associated with Splashtop - listed by LOLRMM (Living Off the Land RMM) as a remote management or access tool.,Block connections to this domain and investigate any related activity.,,,,true
DomainName,sr.rmm.pod1.usw.gorelo.tech,2035-07-23T00:00:00Z,Block,Medium,LOLRMM - Gorelo,Network domain associated with Gorelo - listed by LOLRMM (Living Off the Land RMM) as a remote management or access tool.,Block connections to this domain and investigate any related activity.,,,,true
DomainName,staging.helpwire.app,2035-07-23T00:00:00Z,Block,Medium,LOLRMM - HelpWire,Network domain associated with HelpWire - listed by LOLRMM (Living Off the Land RMM) as a remote management or access tool.,Block connections to this domain and investigate any related activity.,,,,true
DomainName,startsupport.com,2035-07-23T00:00:00Z,Block,Medium,LOLRMM - Rsupport RemoteView / RemoteCall,Network domain associated with Rsupport RemoteView / RemoteCall - listed by LOLRMM (Living Off the Land RMM) as a remote management or access tool.,Block connections to this domain and investigate any related activity.,,,,true
DomainName,static.freshdev.io,2035-07-23T00:00:00Z,Block,Medium,LOLRMM - Freshservice,Network domain associated with Freshservice - listed by LOLRMM (Living Off the Land RMM) as a remote management or access tool.,Block connections to this domain and investigate any related activity.,,,,true
DomainName,storage.centrastage.net,2035-07-23T00:00:00Z,Block,Medium,LOLRMM - Datto RMM / Autotask,Network domain associated with Datto RMM / Autotask - listed by LOLRMM (Living Off the Land RMM) as a remote management or access tool.,Block connections to this domain and investigate any related activity.,,,,true
DomainName,storage.rmm.datto.com,2035-07-23T00:00:00Z,Block,Medium,LOLRMM - Datto RMM / Autotask,Network domain associated with Datto RMM / Autotask - listed by LOLRMM (Living Off the Land RMM) as a remote management or access tool.,Block connections to this domain and investigate any related activity.,,,,true
DomainName,stun.helpwire.app,2035-07-23T00:00:00Z,Block,Medium,LOLRMM - HelpWire,Network domain associated with HelpWire - listed by LOLRMM (Living Off the Land RMM) as a remote management or access tool.,Block connections to this domain and investigate any related activity.,,,,true
DomainName,stunserver.stunprotocol.org,2035-07-23T00:00:00Z,Block,Medium,LOLRMM - HelpWire,Network domain associated with HelpWire - listed by LOLRMM (Living Off the Land RMM) as a remote management or access tool.,Block connections to this domain and investigate any related activity.,,,,true
DomainName,sunlogin.oray.com,2035-07-23T00:00:00Z,Block,Medium,LOLRMM - Sunlogin / Oray,Network domain associated with Sunlogin / Oray - listed by LOLRMM (Living Off the Land RMM) as a remote management or access tool.,Block connections to this domain and investigate any related activity.,,,,true
DomainName,superops.ai,2035-07-23T00:00:00Z,Block,Medium,LOLRMM - SuperOps,Network domain associated with SuperOps - listed by LOLRMM (Living Off the Land RMM) as a remote management or access tool.,Block connections to this domain and investigate any related activity.,,,,true
DomainName,superopsalpha.com,2035-07-23T00:00:00Z,Block,Medium,LOLRMM - SuperOps,Network domain associated with SuperOps - listed by LOLRMM (Living Off the Land RMM) as a remote management or access tool.,Block connections to this domain and investigate any related activity.,,,,true
DomainName,superopsbeta.com,2035-07-23T00:00:00Z,Block,Medium,LOLRMM - SuperOps,Network domain associated with SuperOps - listed by LOLRMM (Living Off the Land RMM) as a remote management or access tool.,Block connections to this domain and investigate any related activity.,,,,true
DomainName,support.services.microsoft.com,2035-07-23T00:00:00Z,Block,Medium,LOLRMM - Quick Assist,Vendor-wide network domain associated with Quick Assist - listed by LOLRMM (Living Off the Land RMM) as a remote management or access tool.,Block connections to this domain and investigate any related activity.,,,,true
DomainName,supremocontrol.com,2035-07-23T00:00:00Z,Block,Medium,LOLRMM - Supremo,Network domain associated with Supremo - listed by LOLRMM (Living Off the Land RMM) as a remote management or access tool.,Block connections to this domain and investigate any related activity.,,,,true
DomainName,swi-rc.cdn-sw.net,2035-07-23T00:00:00Z,Block,Medium,LOLRMM - N-able / SolarWinds,Network domain associated with N-able / SolarWinds - listed by LOLRMM (Living Off the Land RMM) as a remote management or access tool.,Block connections to this domain and investigate any related activity.,,,,true
DomainName,swi-tc.com,2035-07-23T00:00:00Z,Block,Medium,LOLRMM - N-able / SolarWinds,Network domain associated with N-able / SolarWinds - listed by LOLRMM (Living Off the Land RMM) as a remote management or access tool.,Block connections to this domain and investigate any related activity.,,,,true
DomainName,syncroapi.com,2035-07-23T00:00:00Z,Block,Medium,LOLRMM - Syncro,Network domain associated with Syncro - listed by LOLRMM (Living Off the Land RMM) as a remote management or access tool.,Block connections to this domain and investigate any related activity.,,,,true
DomainName,syncromsp.com,2035-07-23T00:00:00Z,Block,Medium,LOLRMM - Syncro,Network domain associated with Syncro - listed by LOLRMM (Living Off the Land RMM) as a remote management or access tool.,Block connections to this domain and investigate any related activity.,,,,true
DomainName,syrah-agent-comms.centrastage.net,2035-07-23T00:00:00Z,Block,Medium,LOLRMM - Datto RMM / Autotask,Network domain associated with Datto RMM / Autotask - listed by LOLRMM (Living Off the Land RMM) as a remote management or access tool.,Block connections to this domain and investigate any related activity.,,,,true
DomainName,syrah-agent-notifications.centrastage.net,2035-07-23T00:00:00Z,Block,Medium,LOLRMM - Datto RMM / Autotask,Network domain associated with Datto RMM / Autotask - listed by LOLRMM (Living Off the Land RMM) as a remote management or access tool.,Block connections to this domain and investigate any related activity.,,,,true
DomainName,syrah-agent.centrastage.net,2035-07-23T00:00:00Z,Block,Medium,LOLRMM - Datto RMM / Autotask,Network domain associated with Datto RMM / Autotask - listed by LOLRMM (Living Off the Land RMM) as a remote management or access tool.,Block connections to this domain and investigate any related activity.,,,,true
DomainName,syrah-audit.centrastage.net,2035-07-23T00:00:00Z,Block,Medium,LOLRMM - Datto RMM / Autotask,Network domain associated with Datto RMM / Autotask - listed by LOLRMM (Living Off the Land RMM) as a remote management or access tool.,Block connections to this domain and investigate any related activity.,,,,true
DomainName,syrah-frontend-api.centrastage.net,2035-07-23T00:00:00Z,Block,Medium,LOLRMM - Datto RMM / Autotask,Network domain associated with Datto RMM / Autotask - listed by LOLRMM (Living Off the Land RMM) as a remote management or access tool.,Block connections to this domain and investigate any related activity.,,,,true
DomainName,syrah-ips.centrastage.net,2035-07-23T00:00:00Z,Block,Medium,LOLRMM - Datto RMM / Autotask,Network domain associated with Datto RMM / Autotask - listed by LOLRMM (Living Off the Land RMM) as a remote management or access tool.,Block connections to this domain and investigate any related activity.,,,,true
DomainName,syrah-monitoring.centrastage.net,2035-07-23T00:00:00Z,Block,Medium,LOLRMM - Datto RMM / Autotask,Network domain associated with Datto RMM / Autotask - listed by LOLRMM (Living Off the Land RMM) as a remote management or access tool.,Block connections to this domain and investigate any related activity.,,,,true
DomainName,syrah-realtime.centrastage.net,2035-07-23T00:00:00Z,Block,Medium,LOLRMM - Datto RMM / Autotask,Network domain associated with Datto RMM / Autotask - listed by LOLRMM (Living Off the Land RMM) as a remote management or access tool.,Block connections to this domain and investigate any related activity.,,,,true
DomainName,syrah.centrastage.net,2035-07-23T00:00:00Z,Block,Medium,LOLRMM - Datto RMM / Autotask,Network domain associated with Datto RMM / Autotask - listed by LOLRMM (Living Off the Land RMM) as a remote management or access tool.,Block connections to this domain and investigate any related activity.,,,,true
DomainName,syrah.rmm.datto.com,2035-07-23T00:00:00Z,Block,Medium,LOLRMM - Datto RMM / Autotask,Network domain associated with Datto RMM / Autotask - listed by LOLRMM (Living Off the Land RMM) as a remote management or access tool.,Block connections to this domain and investigate any related activity.,,,,true
DomainName,syrahcc.centrastage.net,2035-07-23T00:00:00Z,Block,Medium,LOLRMM - Datto RMM / Autotask,Network domain associated with Datto RMM / Autotask - listed by LOLRMM (Living Off the Land RMM) as a remote management or access tool.,Block connections to this domain and investigate any related activity.,,,,true
DomainName,syrahrmm.centrastage.net,2035-07-23T00:00:00Z,Block,Medium,LOLRMM - Datto RMM / Autotask,Network domain associated with Datto RMM / Autotask - listed by LOLRMM (Living Off the Land RMM) as a remote management or access tool.,Block connections to this domain and investigate any related activity.,,,,true
DomainName,syrahws.centrastage.net,2035-07-23T00:00:00Z,Block,Medium,LOLRMM - Datto RMM / Autotask,Network domain associated with Datto RMM / Autotask - listed by LOLRMM (Living Off the Land RMM) as a remote management or access tool.,Block connections to this domain and investigate any related activity.,,,,true
DomainName,syspectr.com,2035-07-23T00:00:00Z,Block,Medium,LOLRMM - O&O Syspectr,Network domain associated with O&O Syspectr - listed by LOLRMM (Living Off the Land RMM) as a remote management or access tool.,Block connections to this domain and investigate any related activity.,,,,true
DomainName,system-monitor.com,2035-07-23T00:00:00Z,Block,Medium,LOLRMM - N-able / SolarWinds,Network domain associated with N-able / SolarWinds - listed by LOLRMM (Living Off the Land RMM) as a remote management or access tool.,Block connections to this domain and investigate any related activity.,,,,true
DomainName,systemmonitor.co.uk,2035-07-23T00:00:00Z,Block,Medium,LOLRMM - N-able / SolarWinds,Network domain associated with N-able / SolarWinds - listed by LOLRMM (Living Off the Land RMM) as a remote management or access tool.,Block connections to this domain and investigate any related activity.,,,,true
DomainName,systemmonitor.eu.com,2035-07-23T00:00:00Z,Block,Medium,LOLRMM - N-able / SolarWinds,Network domain associated with N-able / SolarWinds - listed by LOLRMM (Living Off the Land RMM) as a remote management or access tool.,Block connections to this domain and investigate any related activity.,,,,true
DomainName,systemmonitor.us,2035-07-23T00:00:00Z,Block,Medium,LOLRMM - N-able / SolarWinds,Network domain associated with N-able / SolarWinds - listed by LOLRMM (Living Off the Land RMM) as a remote management or access tool.,Block connections to this domain and investigate any related activity.,,,,true
DomainName,systemmonitor.us.cdn.cloudflare.net,2035-07-23T00:00:00Z,Block,Medium,LOLRMM - N-able / SolarWinds,Network domain associated with N-able / SolarWinds - listed by LOLRMM (Living Off the Land RMM) as a remote management or access tool.,Block connections to this domain and investigate any related activity.,,,,true
DomainName,taf.teamviewer.com,2035-07-23T00:00:00Z,Block,Medium,LOLRMM - TeamViewer,Network domain associated with TeamViewer - listed by LOLRMM (Living Off the Land RMM) as a remote management or access tool.,Block connections to this domain and investigate any related activity.,,,,true
DomainName,tailscale.com,2035-07-23T00:00:00Z,Block,Medium,LOLRMM - Tailscale,Vendor-wide network domain associated with Tailscale - listed by LOLRMM (Living Off the Land RMM) as a remote management or access tool.,Block connections to this domain and investigate any related activity.,,,,true
DomainName,tailscale.io,2035-07-23T00:00:00Z,Block,Medium,LOLRMM - Tailscale,Vendor-wide network domain associated with Tailscale - listed by LOLRMM (Living Off the Land RMM) as a remote management or access tool.,Block connections to this domain and investigate any related activity.,,,,true
DomainName,teamviewer.com,2035-07-23T00:00:00Z,Block,Medium,LOLRMM - TeamViewer,Network domain associated with TeamViewer - listed by LOLRMM (Living Off the Land RMM) as a remote management or access tool.,Block connections to this domain and investigate any related activity.,,,,true
DomainName,techinline.net,2035-07-23T00:00:00Z,Block,Medium,LOLRMM - FixMe.IT,Network domain associated with FixMe.IT - listed by LOLRMM (Living Off the Land RMM) as a remote management or access tool.,Block connections to this domain and investigate any related activity.,,,,true
DomainName,teknopars.com,2035-07-23T00:00:00Z,Block,Medium,LOLRMM - Alpemix,Network domain associated with Alpemix - listed by LOLRMM (Living Off the Land RMM) as a remote management or access tool.,Block connections to this domain and investigate any related activity.,,,,true
DomainName,telesupportgroup.com,2035-07-23T00:00:00Z,Block,Medium,LOLRMM - SimpleHelp,Network domain associated with SimpleHelp - listed by LOLRMM (Living Off the Land RMM) as a remote management or access tool.,Block connections to this domain and investigate any related activity.,,,,true
DomainName,tiflux.com,2035-07-23T00:00:00Z,Block,Medium,LOLRMM - TiFlux,Network domain associated with TiFlux - listed by LOLRMM (Living Off the Land RMM) as a remote management or access tool.,Block connections to this domain and investigate any related activity.,,,,true
DomainName,tiflux.com.br,2035-07-23T00:00:00Z,Block,Medium,LOLRMM - TiFlux,Network domain associated with TiFlux - listed by LOLRMM (Living Off the Land RMM) as a remote management or access tool.,Block connections to this domain and investigate any related activity.,,,,true
DomainName,tightvnc.com,2035-07-23T00:00:00Z,Block,Medium,LOLRMM - TightVNC / Remote Ripple,Network domain associated with TightVNC / Remote Ripple - listed by LOLRMM (Living Off the Land RMM) as a remote management or access tool.,Block connections to this domain and investigate any related activity.,,,,true
DomainName,todesk.com,2035-07-23T00:00:00Z,Block,Medium,LOLRMM - ToDesk,Network domain associated with ToDesk - listed by LOLRMM (Living Off the Land RMM) as a remote management or access tool.,Block connections to this domain and investigate any related activity.,,,,true
DomainName,trust-access.invgate.com,2035-07-23T00:00:00Z,Block,Medium,LOLRMM - InvGate,Network domain associated with InvGate - listed by LOLRMM (Living Off the Land RMM) as a remote management or access tool.,Block connections to this domain and investigate any related activity.,,,,true
DomainName,trust.invgate.com,2035-07-23T00:00:00Z,Block,Medium,LOLRMM - InvGate,Network domain associated with InvGate - listed by LOLRMM (Living Off the Land RMM) as a remote management or access tool.,Block connections to this domain and investigate any related activity.,,,,true
DomainName,trustconnectsoftware.com,2035-07-23T00:00:00Z,Block,Medium,LOLRMM - TrustConnect,Network domain associated with TrustConnect - listed by LOLRMM (Living Off the Land RMM) as a remote management or access tool.,Block connections to this domain and investigate any related activity.,,,,true
DomainName,trusted.panorama9.com,2035-07-23T00:00:00Z,Block,Medium,LOLRMM - Panorama9,Network domain associated with Panorama9 - listed by LOLRMM (Living Off the Land RMM) as a remote management or access tool.,Block connections to this domain and investigate any related activity.,,,,true
DomainName,trycloudflare.com,2035-07-23T00:00:00Z,Block,Medium,LOLRMM - Cloudflare Tunnel,Network domain associated with Cloudflare Tunnel - listed by LOLRMM (Living Off the Land RMM) as a remote management or access tool.,Block connections to this domain and investigate any related activity.,,,,true
DomainName,ts.centrastage.net,2035-07-23T00:00:00Z,Block,Medium,LOLRMM - Datto RMM / Autotask,Network domain associated with Datto RMM / Autotask - listed by LOLRMM (Living Off the Land RMM) as a remote management or access tool.,Block connections to this domain and investigate any related activity.,,,,true
DomainName,tunnel-ips.centrastage.net,2035-07-23T00:00:00Z,Block,Medium,LOLRMM - Datto RMM / Autotask,Network domain associated with Datto RMM / Autotask - listed by LOLRMM (Living Off the Land RMM) as a remote management or access tool.,Block connections to this domain and investigate any related activity.,,,,true
DomainName,tunnel.rmm.datto.com,2035-07-23T00:00:00Z,Block,Medium,LOLRMM - Datto RMM / Autotask,Network domain associated with Datto RMM / Autotask - listed by LOLRMM (Living Off the Land RMM) as a remote management or access tool.,Block connections to this domain and investigate any related activity.,,,,true
DomainName,turn.hoptodesk.com,2035-07-23T00:00:00Z,Block,Medium,LOLRMM - HopToDesk,Network domain associated with HopToDesk - listed by LOLRMM (Living Off the Land RMM) as a remote management or access tool.,Block connections to this domain and investigate any related activity.,,,,true
DomainName,turn.monitic.com,2035-07-23T00:00:00Z,Block,Medium,LOLRMM - Monitic,Network domain associated with Monitic - listed by LOLRMM (Living Off the Land RMM) as a remote management or access tool.,Block connections to this domain and investigate any related activity.,,,,true
DomainName,ultraviewer.net,2035-07-23T00:00:00Z,Block,Medium,LOLRMM - UltraViewer,Network domain associated with UltraViewer - listed by LOLRMM (Living Off the Land RMM) as a remote management or access tool.,Block connections to this domain and investigate any related activity.,,,,true
DomainName,ultravnc.com,2035-07-23T00:00:00Z,Block,Medium,LOLRMM - UltraVNC,Network domain associated with UltraVNC - listed by LOLRMM (Living Off the Land RMM) as a remote management or access tool.,Block connections to this domain and investigate any related activity.,,,,true
DomainName,update-concord.centrastage.net,2035-07-23T00:00:00Z,Block,Medium,LOLRMM - Datto RMM / Autotask,Network domain associated with Datto RMM / Autotask - listed by LOLRMM (Living Off the Land RMM) as a remote management or access tool.,Block connections to this domain and investigate any related activity.,,,,true
DomainName,update-merlot.centrastage.net,2035-07-23T00:00:00Z,Block,Medium,LOLRMM - Datto RMM / Autotask,Network domain associated with Datto RMM / Autotask - listed by LOLRMM (Living Off the Land RMM) as a remote management or access tool.,Block connections to this domain and investigate any related activity.,,,,true
DomainName,update-syrah.centrastage.net,2035-07-23T00:00:00Z,Block,Medium,LOLRMM - Datto RMM / Autotask,Network domain associated with Datto RMM / Autotask - listed by LOLRMM (Living Off the Land RMM) as a remote management or access tool.,Block connections to this domain and investigate any related activity.,,,,true
DomainName,update-vidal.centrastage.net,2035-07-23T00:00:00Z,Block,Medium,LOLRMM - Datto RMM / Autotask,Network domain associated with Datto RMM / Autotask - listed by LOLRMM (Living Off the Land RMM) as a remote management or access tool.,Block connections to this domain and investigate any related activity.,,,,true
